emotion,title_en,title_ko,description_en,description_ko,keywords_en,keywords_ko
Joy,Your smile brightens the world even more,당신의 웃음은 세상을 더 환하게 밝혀요,"Do you realize how much meaning your simple, unintentional smile carries?
That smile is a testament to all the hardships you’ve overcome throughout your life.
Being able to smile means your heart is already a little lighter,
and that lightness becomes the strength you need to keep moving forward.

Your smile doesn’t just belong to you.
There are people who feel comfort simply by seeing you smile brightly.
So if something makes you laugh today, don’t hold back—let yourself enjoy it fully.
That warmth will spread to those around you, gently touching their hearts as well.","당신이 무심코 지은 미소 하나가 사실은 큰 의미를 담고 있다는 걸 알고 있나요?
그 웃음은 당신이 살아가는 동안 마주한 수많은 고단함을 이겨낸 증거이기도 해요.
웃을 수 있다는 건 이미 마음이 조금은 가벼워졌다는 뜻이고,
그 작은 가벼움이 또다시 하루를 살아갈 힘이 되어준답니다.

당신의 웃음은 그저 당신만의 것이 아니에요.
당신이 환하게 웃는 모습을 보고 위로받는 이들이 있어요.
혹시 오늘 웃을 일이 생긴다면, 주저하지 말고 마음껏 웃어보세요.
그 따뜻함이 당신 주변까지 스며들어 또 다른 사람의 마음도 살포시 어루만져 줄 거예요.","smile, warmth, comfort","웃음, 따뜻함, 위로"
Joy,Don’t let today’s happiness slip away,오늘 느끼는 행복을 놓치지 말아주세요,"Perhaps right now, in an otherwise ordinary day,
you’ve noticed a quiet joy sneak in.
Don’t brush it off thinking it’s nothing.
These subtle moments are the precious pieces that fortify your life.

Hold today’s happiness gently in your heart instead of letting it pass.
Someday, when you feel worn out, it will become a small lantern you can light again.","어쩌면 당신은 지금, 평소와 다를 바 없는 하루 속에서
작게 스며든 기쁨을 발견했을지도 몰라요.
그 작은 행복을 ‘별일 아니야’ 하고 흘려보내지 마세요.
사실 그런 순간들이 당신의 삶을 더욱 단단하게 지켜주는 소중한 조각들이에요.

오늘 느낀 행복을 가볍게 넘기지 말고 마음에 담아두세요.
그것이 언젠가 당신이 지칠 때 꺼내어 볼 수 있는 작은 등불이 되어줄 거예요.","happiness, moment, memory","행복, 순간, 기억"
Joy,Your happiness is never small,당신의 행복은 결코 작지 않아요,"Sometimes we tend to belittle our own joy.
We even question ourselves, “Do I deserve to be this happy?”
But the simple happiness you feel is never small.
It’s actually a vital force that makes your life richer and more luminous.

So today, allow yourself to fully embrace that joy.
You absolutely deserve it.","가끔 우리는 자신의 기쁨을 너무 작게 여기곤 해요.
‘이 정도로 행복해도 되나?’ 하고 스스로를 의심할 때도 있죠.
하지만 당신이 느끼는 그 사소한 행복은 결코 작지 않아요.
그것은 오히려 당신 삶을 더 풍요롭고 빛나게 해주는 중요한 에너지예요.

그러니 오늘만큼은 마음껏 행복해 보세요.
그 행복은 충분히 당신이 누릴 가치가 있는 거랍니다.","happiness, worth, richness","행복, 가치, 풍요"
Joy,It’s okay to fully feel your joy,기쁨을 충분히 느껴도 괜찮아요,"When joy comes to us, sometimes a quiet worry sneaks in—
“What if this happiness doesn’t last?”
So often, that fear keeps us from truly feeling the joy that’s right there.

But it’s perfectly okay to embrace this happiness even more.
Even if it doesn’t last long, the moment itself was real.
Today, give yourself permission to enjoy it wholeheartedly.
“It’s okay to feel this happy—I truly deserve it.”","기쁨이 찾아올 때 우리는 괜히 마음 한켠이 조마조마해지곤 하죠.
‘혹시 이 행복이 금방 사라지면 어떡하지?’ 하고 두려워서
행복 그 자체를 깊이 느끼지 못할 때가 많아요.

하지만 지금 느끼는 기쁨을 더 만끽해도 괜찮아요.
행복이 오래가지 않더라도, 그 순간은 진짜였으니까요.
오늘은 스스로에게 기꺼이 허락해 주세요.
“조금 더 기뻐도 괜찮아, 나는 충분히 그럴 자격이 있어.”","joy, permission, moment","기쁨, 허락, 순간"
Joy,Small joys come together to make great happiness,작은 기쁨이 모여 큰 행복이 돼요,"Looking back on your day, there are likely tiny pleasures you hardly noticed—
warm sunlight, a delicious bite, a familiar greeting.
These small joys eventually gather to create lasting happiness.

Hold gently in your heart the little things that made you smile today.
Someday, all these tiny lights will join to shine brightly upon you.","하루를 돌아보면 별것 아닌 듯한 즐거움들이 있죠.
따뜻한 햇살, 맛있는 한 입, 반가운 인사.
그 작은 기쁨들이 모여 결국은 큰 행복을 만들어줘요.

오늘 당신이 웃게 만든 사소한 일들을 마음속에 살포시 담아보세요.
그 조그마한 빛들이 모여 언젠가 당신을 더 환히 비춰줄 거예요.","joy, small things, light","기쁨, 소소함, 빛"
Joy,"When you’re happy, the world becomes a bit kinder",당신이 행복할 때 세상도 조금 더 좋아져요,"Do you know there may be someone who smiled simply because they saw you smile?
The joy you feel quietly passes to those around you.
So allow yourself to be even happier today.
Because of you, the world softens just a little more.

And remember this:
When you’re happy, someone out there sees you and finds hope that they, too, might smile again someday.","혹시 당신이 웃는 걸 보고 같이 미소 지은 사람이 있다는 걸 아시나요?
당신이 느낀 기쁨은 고스란히 옆 사람에게도 전해져요.
그러니 오늘 조금 더 행복해져도 괜찮아요.
당신 덕분에 세상도 살짝 더 부드러워질 테니까요.

그리고 기억하세요.
당신이 행복할 때, 누군가는 당신을 보며 자신도 언젠가 웃을 수 있으리라 희망하게 된답니다.","happiness, ripple, hope","행복, 전달, 희망"
Joy,Your joy quietly protects you,당신의 기쁨은 고스란히 당신을 지켜줘요,"The small joys you’ve felt today may not seem so significant right now.
But each one gently settles deep within you, building up piece by piece, until one day they stand as a warm shield when you need comfort the most.

So when joy finds you, don’t hesitate or feel guilty—just let yourself fully feel it.
Little by little, through both joy and sorrow, you are growing stronger.","당신이 오늘 느낀 작고 소중한 기쁨들은, 어쩌면 지금은 별 대수롭지 않게 느껴질 수도 있어요.
하지만 그것들은 당신 마음속 깊은 곳에 하나씩 차곡차곡 쌓여서, 언젠가 힘들 때 당신을 지켜주는 따뜻한 방패가 될 거예요.

그러니 기쁨이 찾아올 때 머뭇거리거나 미안해하지 말고, 있는 그대로 충분히 느껴주세요.
당신은 그렇게 기쁨으로도, 슬픔으로도 조금씩 단단해지고 있는 중이에요.","joy, protection, buildup","기쁨, 보호, 쌓임"
Joy,This moment will protect you someday,지금 이 순간이 훗날 당신을 지켜줄 거예요,"The moments you laughed and found joy today will become a great source of strength for your future.
When your heart feels like it’s crumbling, this very scene may suddenly rise up to gently hold you in place.

So don’t let this happiness slip by unnoticed.
Tuck it away safely in the deepest part of your heart—one day, it will be a precious lantern on the path you must walk again.","오늘 웃고 즐겼던 이 순간들이 앞으로 당신의 미래에서 큰 힘이 될 거예요.
마음이 무너질 때, 어디선가 불쑥 오늘의 이 장면이 떠올라 당신을 살포시 붙잡아 줄 테니까요.

그러니 오늘 느낀 이 행복을 가볍게 넘기지 말고, 마음 깊은 곳에 살며시 간직해 주세요.
그 기억은 언젠가 당신이 다시 걸어가야 할 길에서 소중한 등불이 될 거예요.","memory, future, lantern","기억, 미래, 등불"
Joy,You are most beautiful when you laugh freely,마음껏 웃는 당신이 더 아름다워요,"When you laugh, a light appears on your face that isn’t there at any other time.
It almost seems like a mark showing just how much you’ve endured and held on through.

So today, don’t hold back—laugh a little louder.
There is nothing more natural, and nothing more beautiful, than you truly enjoying your happiness.","웃을 때 당신의 얼굴에는 평소에는 볼 수 없는 빛이 스며들어요.
그 빛은 당신이 얼마나 많은 것을 참고 견뎌왔는지를 보여주는 표식 같기도 해요.

오늘은 괜히 머뭇거리지 말고 더 크게 웃어보세요.
마음껏 행복해하는 당신이야말로 가장 자연스럽고, 그래서 더 아름답답니다.","laughter, natural, beauty","웃음, 자연스러움, 아름다움"
Joy,Don’t shy away from your joy,기쁨을 부끄러워하지 말아주세요,"Often, we feel strangely shy about our own happiness.
We even doubt ourselves, wondering, “Do I really deserve to be this happy?”

But you are someone who absolutely deserves to be joyful.
Your happiness is never excessive or frivolous.
Today, let yourself embrace it without any interference.","우리는 종종 행복해하는 자신을 낯설어하고, 혹은 괜히 부끄러워해요.
‘내가 이 정도로 기뻐도 되나’ 하고 스스로를 의심하기도 하죠.

하지만 당신은 지금 충분히 기뻐해도 되는 사람이에요.
당신의 기쁨은 결코 지나치거나 사치가 아니에요.
오늘만큼은 아무런 방해 없이, 그 기쁨을 맘껏 껴안아 주세요.","joy, permission, confidence","기쁨, 허락, 자신감"
Joy,Your small joy might save someone else,당신의 작은 기쁨이 또 다른 누군가를 살려요,"The tiny happiness you felt today may seem fleeting, almost insignificant.
But perhaps it will grow into a great hope for someone nearby who quietly witnessed it.

So let your joy show more confidently today.
That small light might not only brighten your life—it could give someone else the courage to keep going.","당신이 오늘 느낀 그 작은 행복이 언뜻 보기에는 그저 스쳐가는 것 같아 보여도,
어쩌면 그것이 옆에 있는 누군가에게는 큰 희망으로 번질 수도 있어요.

그러니 오늘 당신이 느낀 기쁨을 더 당당히 보여주세요.
그 작은 빛이 당신뿐 아니라 세상 어딘가의 누군가에게도 다시 살아갈 용기를 줄 테니까요.","joy, courage, impact","기쁨, 용기, 영향"
Joy,Today’s laughter will make you stronger,오늘의 웃음이 당신을 더 단단하게 만들 거예요,"If laughter found its way to you today for no particular reason, know that it’s far from trivial.
It may be a quiet sign of just how much you’ve endured and grown.
Like a seed that’s waited patiently before finally sprouting, today’s laughter bloomed after all you’ve faced.

So don’t shy away from it—hold it close.
These moments will accumulate, and someday when you tremble again, they’ll quietly support you from behind.","오늘 아무 이유 없이 스며든 웃음이 있다면, 그건 결코 가벼운 것이 아니에요.
당신이 그동안 얼마나 애써 왔는지를 보여주는 작은 증거일지도 몰라요.
마치 오래 참고 견딘 씨앗이 결국 싹을 틔우듯이, 오늘의 웃음은 그렇게 피어난 것이니까요.

그러니 그 웃음을 부끄러워하지 말고, 오히려 소중히 품어주세요.
그 순간이 쌓여서 언젠가 당신이 다시 흔들릴 때, 조용히 등을 받쳐줄 거예요.","laughter, strength, growth","웃음, 강함, 성장"
Joy,Celebrate even your smallest happiness,작은 행복도 마음껏 축하해 주세요,"I hope you don’t dismiss the little happiness you felt today.
If there was a moment you felt a flutter or simply good without reason, quietly celebrate it inside.
Say to yourself, “How wonderful, that I can feel this happy right now.”

This gentle way of acknowledging yourself will, in time, protect and care for you more deeply.
The more you honor your joyful moments, the more tenderly life will color itself around you.","당신이 오늘 느낀 작은 행복을 스스로 대수롭지 않게 여기지 않았으면 해요.
조금 설레었거나, 이유 없이 기분이 좋았던 순간이 있었다면, 마음속으로 작게라도 축하해 주세요.
‘좋다, 내가 지금 이렇게 행복할 수 있어서.’

이렇게 소리 없이 자신을 축하해 주는 마음은 결국 당신을 더 깊이 돌보고 지켜줄 거예요.
당신이 기쁜 순간을 충분히 인정할수록, 삶은 더 다정한 색으로 물들 거랍니다.","happiness, acknowledgment, celebration","행복, 인정, 축하"
Joy,"When joy comes, take a deeper breath",기쁨이 찾아왔을 때 더 크게 숨 쉬어보세요,"When you feel joy, do you tend to hurry past it or allow yourself only a brief taste?
It’s understandable—there’s often a fear that expecting more might lead to disappointment.
But today, when joy arrives, breathe it in a little deeper.
Let it fill your chest fully, then slowly release it.

In doing so, you’re carefully inscribing this happiness into both your body and heart.
And that will quietly make you stronger.","기쁨이 느껴질 때, 당신은 그것을 금방 지나치거나 조금만 맛보려 하지 않나요?
‘괜히 더 기대하면 실망할까 봐’ 하는 마음도 이해돼요.
하지만 오늘은 기쁨이 찾아올 때 더 크게 숨 쉬어보세요.
그 공기가 당신 가슴 가득히 스며들도록 깊게 들이마시고 천천히 내쉬어 보세요.

그렇게 당신은 행복을 몸과 마음에 천천히 새기고 있는 거예요.
그리고 그것이 결국 당신을 더 단단하게 만들어 줄 거예요.","joy, breath, imprint","기쁨, 호흡, 새김"
Sad,"When you’re sad, I’ll be by your side",당신이 슬플 땐 내가 곁에 있을게요,"There are days when your heart just feels chilly and hollow.
Even in a crowd, loneliness can wrap itself around you more tightly.
If you’re feeling that way now, let me quietly sit next to you.
It’s okay if we don’t say a word.
I’ll simply be here with you.

You’re not alone.
Somewhere in this world, there are people who want to understand your sadness.
Today, I hope even that thought eases your pain a little.","마음이 괜히 시리고 허전한 날이 있죠.
그럴 땐 사람들 속에서도 더 외롭게 느껴지곤 해요.
혹시 지금 그런 기분이라면, 내가 조용히 옆에 앉아 있어줄게요.
아무 말도 하지 않아도 괜찮아요.
그저 같이 있어줄 테니까요.

당신은 혼자가 아니에요.
이 세상 어딘가엔 당신의 슬픔을 이해하고 싶은 사람이 있어요.
오늘은 그 사실만으로도 조금 덜 아프길 바라요.","sadness, accompany, comfort","슬픔, 동행, 위로"
Sad,Your sadness will someday become part of you,슬픔도 지나가고 나면 당신의 일부가 돼요,"The sadness you feel now might be so heavy that you can’t see when you’ll ever be okay again.
But like all the countless moments you’ve already survived,
this sadness will also pass and quietly find a place within you.

And when that time comes, you’ll be someone deeper and gentler than you are today.
Because this pain will someday become precious soil, helping you understand someone else’s sorrow.","지금 느끼는 이 슬픔이 너무 커서,
언제쯤 괜찮아질지 막막할지도 몰라요.
하지만 당신이 지금껏 지나온 수많은 순간들처럼,
이 슬픔도 언젠간 지나가서 당신 안에 고요히 자리할 거예요.

그리고 그때가 되면, 당신은 오늘보다 조금 더 깊고 다정한 사람이 되어 있을 거예요.
지금의 아픔도 언젠가 누군가를 이해할 수 있는 귀한 밑거름이 될 테니까요.","sadness, growth, understanding","슬픔, 성장, 이해"
Sad,"Today, just breathing is enough",오늘은 그냥 숨만 잘 쉬어도 괜찮아요,"You don’t have to try so hard today.
It’s okay if you don’t achieve anything, or if you don’t manage to make anyone smile.
Today, simply breathing quietly is more than enough.
Getting through the day like that is already something you’ve done wonderfully.

Be a little kinder to yourself.
You are someone who lives each day far more earnestly than you realize.","오늘 하루 너무 애쓰지 않아도 돼요.
아무것도 이루지 않아도 괜찮고, 누군가를 웃게 하지 않아도 괜찮아요.
오늘은 그냥 조용히 숨만 잘 쉬어도 충분해요.
그렇게 오늘을 무사히 보낸 것만으로도 정말 잘한 거예요.

스스로에게 조금 더 너그러워져 주세요.
당신은 매일 생각보다 훨씬 더 열심히 살고 있는 사람이니까요.","rest, permission, gentleness","쉼, 허락, 너그러움"
Sad,I hope your heart doesn’t break,당신 마음이 부서지지 않길 바라요,"On painful days, even the smallest words can leave cracks in your heart.
Sometimes you fear those cracks might spread and make everything inside collapse.
In those moments, take a deep breath and quietly whisper to yourself,
“I will be okay. I’m not completely broken yet.”

I truly hope you hold on and protect your heart, so that one day, you’ll find yourself smiling again.","마음이 아픈 날엔, 작은 말에도 쉽게 금이 가곤 하죠.
그러다 그 상처가 점점 퍼져서 마음 전체가 무너질까 두려울 때도 있어요.
그럴 땐 깊게 숨을 들이마시고, 스스로에게 이렇게 속삭여 주세요.
“나는 괜찮아질 거야. 아직 완전히 부서진 건 아니니까.”

당신이 끝내 마음을 지켜내어, 언젠가 다시 웃을 수 있기를 진심으로 바라요.","heart, protect, heal","마음, 보호, 회복"
Sad,It’s okay to cry when no one knows,아무도 모르게 울어도 괜찮아요,"Sometimes the pain is so heavy that even sharing it with someone feels exhausting.
So you end up crying quietly by yourself and feel even lonelier because of it.
But that’s okay.
Crying alone means you’re still taking time to look into your own heart.

Today, you don’t owe an explanation for your tears to anyone.
You’re doing more than enough, just by being here.","때로는 너무 아파서 누군가에게 털어놓는 것조차 버거울 때가 있죠.
그래서 조용히 혼자서 울다가 스스로를 더 외롭게 느낄 수도 있어요.
하지만 괜찮아요.
혼자서라도 울 수 있다는 건 당신이 그만큼 자신의 마음을 들여다보고 있다는 뜻이에요.

오늘은 그 눈물을 누구에게도 설명하지 않아도 돼요.
당신은 지금, 충분히 잘 하고 있어요.","tears, alone, okay","눈물, 혼자, 괜찮음"
Sad,Your sadness deserves to be understood,당신이 느끼는 슬픔은 충분히 이해받을 가치가 있어요,"People often say, “That’s nothing,” dismissing your pain without knowing its weight.
When that happens, the sadness inside you can grow even deeper.
But your sadness is never trivial.
It has reasons, and it is absolutely worthy of being understood.

Today, let it be you who first understands your own heart.
Say softly, “Yes, it makes sense that I’d hurt this much.”
Sometimes that gentle acknowledgment is the greatest comfort.","사람들은 종종 “그 정도는 아무 일도 아니야” 라며 가볍게 넘기곤 하죠.
그럴 때면 당신 마음속 슬픔이 더 깊어지기도 해요.
하지만 당신이 느끼는 이 슬픔은 결코 사소하지 않아요.
그 감정은 분명히 이유가 있고, 충분히 이해받아야 할 가치가 있는 거예요.

오늘만큼은 누군가가 아닌 당신 스스로 그 마음을 먼저 이해해주세요.
“그래, 이만큼 아플 만했어.”
그렇게 스스로를 다독이는 것만으로도 큰 위로가 될 거예요.","sadness, understanding, soothe","슬픔, 이해, 다독임"
Sad,It’s okay to simply hurt right now,지금은 그냥 아파도 괜찮아요,"We often become even more burdened by the belief that we must hurry up and feel better.
When sadness still wants to stay and we try to force it out, it can leave even deeper scars.

So today, it’s okay to just be in pain.
If you need more time, give yourself that grace.
You are someone who doesn’t have to rush.","우리는 빨리 나아져야만 한다는 부담 때문에 더 힘들어질 때가 있어요.
슬픔이 아직 머물고 싶은데 억지로 밀어내려 하면, 마음에 더 깊은 흉터만 남기곤 하죠.

그러니 오늘은 그냥 아파도 괜찮아요.
시간이 조금 더 필요하다면, 충분히 기다려 주세요.
당신은 서두르지 않아도 괜찮은 사람이에요.","pain, time, patience","아픔, 시간, 기다림"
Sad,"Someday, your wounds will comfort someone else",당신의 상처가 언젠가 누군가를 위로할 거예요,"Your wounds surely hurt now, but one day you may share them and soothe someone else’s pain.
When that time comes, today’s sorrow will have become a precious story that might even save another life.

So don’t rush.
Hold your pain quietly for now.
Your wounds carry meaning too.","지금 당신이 가진 상처는 분명 아프지만, 언젠가 이 상처를 이야기하며 누군가를 위로하게 될지도 몰라요.
그때가 오면 오늘의 이 슬픔도 결국 누군가를 살릴 수 있는 소중한 이야기가 될 거예요.

그러니 너무 서두르지 말고, 오늘의 아픔을 조용히 품어 주세요.
당신의 이 상처에도 분명 의미가 있을 거예요.","wounds, meaning, comfort","상처, 의미, 위로"
Sad,You’re amazing for still breathing within your sadness,슬픔 속에서도 여전히 숨 쉬고 있는 당신이 참 대단해요,"Even with so much pain, here you are, still making it through each day.
That alone makes you remarkable and precious.
It’s okay if no one else notices.
I see it, and I deeply admire you for it.

Tonight, hold yourself close.
Say, “I’m still living even in this sadness.”
That one quiet affirmation might help you bear tomorrow a little easier.","이토록 아픈데도 당신은 여전히 하루를 살아내고 있잖아요.
그 사실 하나만으로도 충분히 대단하고 귀한 사람이에요.
혹시 아무도 알아주지 않아도 괜찮아요.
나는 그걸 알아보고, 마음 깊이 존경할 거예요.

오늘 밤만큼은 스스로를 꼭 안아 주세요.
“나는 이 슬픔 속에서도 살아가고 있어.”
그 한마디가 내일을 조금 더 견디게 해줄 거예요.","sadness, admire, endure","슬픔, 존경, 살아냄"
Sad,You don’t have to hide your heavy heart,힘든 마음을 꼭 감추려 하지 않아도 돼요,"I understand wanting to always seem okay to others.
But sometimes, pretending you’re fine only wears you out more.
Today, you don’t have to be strong.
Saying quietly, “I’m actually having a hard time,” is perfectly alright.

The moment you acknowledge it, your heart might feel just a bit lighter.
And I think it’s truly brave of you to be that honest.","누군가에게 늘 괜찮은 사람으로 보이고 싶은 마음, 이해해요.
하지만 때론 아무렇지 않은 척 하는 게 더 지치게 만들죠.
오늘은 꼭 씩씩할 필요 없어요.
“나 사실 조금 힘들어.”
이렇게 솔직해지는 것도 괜찮아요.

조용히 인정하는 순간, 마음이 조금 가벼워질 거예요.
그리고 그런 용기를 내준 당신이 참 대견해요.","honesty, courage, heart","솔직함, 용기, 마음"
Sad,It’s okay to move slower today,오늘은 그냥 조금 느려도 괜찮아요,"Some days, your heavy heart seems to pull your whole body down with it.
You might feel frustrated that you’re slower than usual.
But it’s okay.
Today can be a day where you move slower and get nothing done.

Tomorrow will be different.
So for now, go at the pace your heart needs.","마음이 무겁고 몸도 따라 무거운 날이 있죠.
그럴 땐 괜히 평소보다 더 느린 자신이 답답할 수도 있어요.
하지만 괜찮아요.
오늘은 조금 느려도, 아무것도 못 해도 괜찮은 날이에요.

내일은 또 다를 테니까요.
오늘만큼은 그냥 천천히, 마음이 시키는 대로 가보세요.","slow, permission, gentle","느림, 허락, 천천히"
Sad,It’s okay to sigh sometimes,작게 한숨 쉬어도 괜찮아요,"Ever feel your chest tighten over nothing big, and a sigh just slips out?
Don’t scold yourself thinking, “Why am I so weak?”
That sigh is simply a breath your body takes to keep going.

Today, let yourself exhale without shame.
It might ease the heaviness just a little.","괜히 큰일도 아닌데 숨이 턱 막히고, 그저 한숨이 나올 때 있죠.
그럴 때 “왜 이렇게 약하지?” 자책하지 않아도 돼요.
한숨도 당신이 버텨내느라 내는 자연스러운 숨이에요.

오늘은 그 한숨조차 부끄러워하지 말고 가만히 내뱉어 보세요.
조금이라도 답답함이 덜어질 거예요.","sigh, natural, ease","한숨, 자연스러움, 가벼움"
Sad,Your sadness is an important part of you too,슬픈 마음도 당신의 중요한 일부예요,"Have you ever wanted to just cover up your sadness with happy things?
I get that.
But your sadness is also an important part of who you are.
Because of it, you can empathize more deeply and see others more sincerely.

So today, let that sadness sit beside you for a bit.
It’s helping to make you someone with even more depth.","자꾸만 기쁜 일로 덮어버리고 싶었던 마음이 있나요?
그 마음도 이해하지만, 슬픔 역시 당신의 중요한 일부예요.
그 감정 덕분에 더 깊이 공감하고, 더 진심으로 누군가를 바라볼 수 있으니까요.

그러니 오늘은 그 슬픔도 조금만 더 곁에 두어 주세요.
당신을 결국 더 넓은 사람으로 만들어 줄 거예요.","sadness, empathy, growth","슬픔, 공감, 넓어짐"
Sad,Some days you just feel like tearing up—and that’s okay,괜히 울컥하는 날도 있는 법이에요,"Why does even the smallest thing make you want to tear up today?
Honestly, some days are just like that.
It’s only what you’ve been holding back starting to slip out.

Don’t force it back down.
Let a little of it go.
Your heart might feel much lighter afterward.","왜 오늘은 사소한 일에도 자꾸 마음이 울컥할까요?
사실 그런 날도 있는 거예요.
지금까지 눌러두었던 게 조금씩 새어나온 것뿐이에요.

억지로 참으려 하지 말고, 오늘은 그냥 살짝 놓아주세요.
그렇게 흘려보내고 나면 마음이 훨씬 편해질 거예요.","tears, ease, flow","눈물, 편안함, 흐름"
Sad,It’s okay if you’re not okay yet,아직 괜찮지 않아도 괜찮아요,"There are times when someone asks, “Are you better now?” and you just can’t say yes.
Honestly, it’s okay if you’re not okay yet.
Needing more time doesn’t mean anything is wrong.

Today, if all you do is breathe and eat a meal, that’s already enough.
Your pace isn’t wrong—it’s simply yours.","“괜찮아졌어?” 라는 물음에 선뜻 대답하기 어려울 때가 있죠.
사실 아직 괜찮지 않아도 괜찮아요.
조금 더 시간이 걸린다고 해서 잘못되는 건 아무것도 없어요.

오늘은 그저 숨 잘 쉬고, 밥 한 끼만 잘 먹어도 충분히 잘하고 있는 거예요.
당신의 속도가 틀린 게 아니라, 그냥 당신에게 딱 맞는 거예요.","pace, okay, waiting","속도, 괜찮음, 기다림"
Worried,I understand why you worry so much,괜히 많은 걸 걱정하는 당신을 이해해요,"Your mind often spins, even over small things.
You imagine everything that could go wrong or hurt someone, preparing for every possible outcome.
People might say you’re “too sensitive,” but really, it just shows how deeply you care.

It’s okay if that leaves you a bit tired.
Today, look at yourself with more gentleness.
Because of that careful heart, the world is a softer place.","당신은 작은 일에도 자꾸 머릿속이 복잡해지죠.
혹시라도 잘못될까, 누군가 상처받을까, 그 모든 경우를 미리 상상하고 준비해두곤 해요.
사람들은 “너무 예민하다”고 쉽게 말하지만, 사실 그건 당신이 얼마나 마음을 쓰며 사는 사람인지 보여주는 증거예요.

조금 지쳐도 괜찮아요.
오늘만큼은 그렇게 애쓰는 자신을 조금 더 다정하게 바라봐 주세요.
그 마음 덕분에 세상은 조금 더 부드럽게 돌아가니까요.","worry, gentleness, understand","걱정, 다정함, 이해"
Worried,Having many worries doesn’t mean something’s wrong,걱정이 많다고 해서 잘못된 건 아니에요,"People often say, “Don’t worry so much,”
as if worrying is somehow a flaw.
But your worries come from being responsible, from valuing what matters.

So if that sense of duty feels heavy today, hold yourself and whisper, “It’s okay.”
You don’t have to protect everything perfectly.
You’re already trying so hard.","사람들은 종종 “너무 걱정하지 마”라고 말하죠.
마치 걱정하는 게 잘못된 습관이라도 된 것처럼요.
하지만 당신의 걱정은 사실 당신이 책임감 있고, 무언가를 소중히 여기기 때문에 생기는 마음이에요.

오늘은 그 책임감이 조금 무겁다면, 괜찮다고 스스로를 안아주세요.
모든 걸 완벽히 지키지 않아도 괜찮아요.
당신은 이미 충분히 애쓰고 있으니까요.","worry, responsibility, okay","걱정, 책임감, 괜찮음"
Worried,You don’t have to worry so much about the future,앞날을 너무 많이 걱정하지 않아도 돼요,"Sometimes thoughts of the future fill your head so completely
that you can’t even enjoy today.
It’s good to prepare ahead, but when it goes too far, it eats away at your present joy.

So today, let tomorrow’s worries belong to tomorrow.
You’ve done enough just by living today well.","아직 오지 않은 미래가 머릿속을 가득 채워서,
오늘 하루조차 제대로 누리지 못할 때가 있죠.
미리 준비하는 건 좋은 일이지만, 지나치면 오늘의 행복마저 갉아먹게 돼요.

오늘은 내일 일을 내일에게 잠시 맡겨 두세요.
당신이 오늘을 잘 살아낸 것만으로도 이미 충분해요.","future, worry, today","미래, 걱정, 오늘"
Worried,You don’t have to push your worries away so quickly,걱정을 너무 빨리 지우려 하지 않아도 괜찮아요,"When worry settles in, we often think we must drive it out immediately.
But worry doesn’t come without reason.
It grows because you have things you treasure and don’t want to lose.

Today, try understanding that worry.
Say, “It’s because I care this much.”
That gentle acknowledgment might ease your heart a little.","걱정이 마음에 들어서면, 우리는 그것을 빨리 몰아내야 한다고만 생각하죠.
하지만 걱정도 이유 없이 찾아오지 않아요.
당신이 그만큼 소중히 여기는 게 있고, 잃고 싶지 않은 것이 있기 때문에 생기는 거예요.

오늘은 그 걱정을 조금 더 이해해 주세요.
“그래, 내가 이만큼 아끼니까 이런 생각도 드는 거지.”
그렇게 스스로를 다독이다 보면, 마음이 조금은 느긋해질 거예요.","worry, understand, soothe","걱정, 이해, 다독임"
Worried,Give yourself a small break so worries don’t trap you,걱정에 갇히지 않도록 작은 숨을 돌려주세요,"When one worry leads to another, your mind can feel like it’s wandering a maze without end.
In moments like that, it’s perfectly fine to step away from those thoughts for a while.

Open a window and feel the breeze, or sip something warm and take a pause.
That small act of catching your breath might comfort you more than you expect.","걱정이 꼬리에 꼬리를 물 때,
당신의 마음은 끝없는 미로를 헤매듯 더 복잡해지죠.
그럴 땐 잠깐만 그 생각에서 벗어나도 괜찮아요.

창문을 열어 바람을 맞거나, 따뜻한 물을 마시며 한숨 돌려보세요.
그 작은 숨 고르기가 생각보다 큰 위로가 될 거예요.","worry, rest, breath","걱정, 휴식, 숨"
Worried,You don’t have to force your worries to stop,걱정을 억지로 멈추지 않아도 돼요,"Even when you tell yourself, “I should stop worrying,”
worries still creep back in.
Trying too hard to stop them can sometimes make them grow even bigger.

Today, let those thoughts simply pass by.
It’s okay if they don’t stop right away.
Eventually, they’ll fade on their own.","“이제 그만 걱정해야지.” 하고 마음먹어도
어느새 다시 떠오르는 게 걱정이죠.
그걸 억지로 멈추려 애쓰다 보면, 오히려 더 커질 때도 있어요.

오늘은 그냥 그런 생각이 스쳐가도록 두세요.
꼭 멈추지 않아도 괜찮아요.
그러다 보면 어느 순간 자연스레 옅어질 거예요.","worry, flow, natural","걱정, 흐름, 자연스러움"
Worried,Your worries are proof of how thoughtful you are,걱정은 당신이 신중하다는 또 다른 증거예요,"The reason you care this much is because you hold things dear.
Your many worries aren’t meaningless; they’ve helped carry you this far.

Today, it’s okay to set aside a bit of that caution.
You’ve already been living so earnestly.","당신이 이렇게까지 마음을 쓰는 건,
그만큼 무언가를 소중히 여기고 있다는 뜻이에요.
괜히 걱정이 많은 게 아니에요.
그 마음 때문에 오늘까지도 잘 걸어올 수 있었을 거예요.

오늘은 그 신중함을 조금만 덜어도 괜찮아요.
당신은 이미 충분히 성실하게 살아왔으니까요.","worry, careful, earnest","걱정, 신중함, 성실함"
Worried,It’s okay to be a little less perfect,조금 덜 완벽해도 괜찮아요,"Worry often grows from a belief that you have to be perfect.
You tighten your heart, afraid that if something’s missing, everything will fall apart.

But truly, it’s okay not to be flawless.
Even your small imperfections make you warm and real.","걱정은 종종 “완벽해야 한다”는 마음에서 커지곤 해요.
조금이라도 빠지면 무너질 것 같아 마음을 더 조이죠.

그런데 사실 완벽하지 않아도 괜찮아요.
당신이 가진 작은 허술함마저도 충분히 따뜻하니까요.","worry, perfection, allow","걱정, 완벽, 허용"
Worried,"Just for today, it’s okay to set your worries down",오늘 하루만큼은 걱정을 내려놔도 괜찮아요,"You carry so much every day.
How about living a little lighter, just for today?
Place your worries beside you for a moment and listen to a song you love.

That short breath of ease might make tomorrow’s you even stronger.","늘 많은 것을 떠안고 사는 당신,
오늘 하루만큼은 조금 가볍게 살아보면 어때요?
걱정도 잠시 옆에 두고, 좋아하는 음악 한 곡을 들어보세요.

잠깐의 그 숨 돌림이 내일의 당신을 더 튼튼하게 만들어줄 거예요.","worry, lightness, tomorrow","걱정, 가벼움, 내일"
Worried,It’s okay to be at ease for a while,조금 더 마음 편히 있어도 괜찮아요,"Are little things bothering you more today, making your heart rush for no real reason?
In times like this, it’s perfectly okay to let go of that pressure to always be doing something.
Tell yourself gently, “It’s alright to just be like this right now.”

It’s truly okay to be at ease for a while.
When you give yourself that permission, your worries may loosen their grip too.","오늘따라 사소한 일도 자꾸 신경 쓰이고, 마음이 괜히 바빠지지 않나요?
그럴 땐 꼭 뭔가를 해야 한다는 압박에서 잠시 벗어나도 괜찮아요.
“지금은 그냥 이렇게 있어도 돼.”
부드럽게 자신에게 이야기해 주세요.

조금 더 마음 편히 있어도 괜찮아요.
당신이 스스로를 허락해줄 때, 걱정도 조금은 힘을 풀 거예요.","worry, ease, permission","걱정, 편안함, 허락"
Worried,"Today, it’s okay to try a little less",오늘은 조금 덜 애써도 괜찮아요,"Are you blaming yourself inside because you’re not moving as quickly or eagerly as usual?
Truthfully, today is a day where it’s perfectly okay to try a little less.

Just for today, lower your expectations a bit.
Even simply breathing well means you’ve done enough.
I know how much effort you put into life, every single day.","평소처럼 부지런히 움직이지 못한다고 해서,
괜히 마음속으로 자신을 탓하고 있지는 않나요?
사실 오늘은 조금 덜 애써도 괜찮은 날이에요.

하루쯤은 기대를 조금 내려놓고,
숨만 잘 쉬어도 충분히 잘한 거예요.
당신이 늘 얼마나 애쓰며 살고 있는지 나는 잘 알고 있어요.","worry, ease, understanding","걱정, 여유, 이해"
Worried,You worry so much because you care so deeply,걱정이 많은 건 당신이 그만큼 마음을 쓰기 때문이에요,"Ever find yourself frustrated, wondering why even the small things worry you so much?
That’s only because you value life so dearly and cherish those around you.

If you’re tired today, it’s perfectly okay to set that caring heart down for a while.
I already know just how warm and thoughtful you are.","왜 이렇게 사소한 것까지 다 걱정하고 있나,
스스로 답답해질 때가 있죠.
하지만 그건 당신이 그만큼 삶을 소중히 대하고,
주변 사람들을 아끼기 때문이에요.

조금 지치면, 오늘만큼은 그 마음을 잠시 내려두어도 괜찮아요.
당신이 얼마나 따뜻한 사람인지 나는 이미 충분히 느끼고 있으니까요.","worry, cherish, warmth","걱정, 소중함, 다정함"
Worried,You don’t have to worry so far ahead,너무 앞서서 걱정하지 않아도 괜찮아요,"Are you letting thoughts of things that haven’t even happened yet fill your head and trouble you today?
It’s perfectly alright to let the future wait for a bit.

You’re already doing so well just by living through today.
So allow yourself to rest a little easier right now.","아직 일어나지 않은 일들까지 머릿속에서 미리 걱정하며,
오늘을 불안하게 만들고 있진 않나요?
사실 아직 오지 않은 미래는 조금 뒤로 미뤄도 괜찮아요.

당신은 오늘 하루만 잘 살아도 충분히 잘하고 있는 거예요.
그 마음으로 지금을 조금 더 편히 있어주세요.","worry, present, rest","걱정, 현재, 휴식"
Worried,"When worry passes through, it’s okay to just let it be",걱정이 스쳐갈 때 그냥 가만히 두어도 괜찮아요,"When worry taps your heart and tries to stay, don’t force it away.
Simply let it sit there quietly for a bit.
You might be surprised at how it drifts off on its own.

You don’t always have to fix or solve anything.
Today, just let your heart breathe.","걱정이 마음을 툭 치고 지나갈 때,
억지로 밀어내려 하지 말고 그냥 가만히 두어보세요.
생각보다 그 걱정은 오래 머무르지 않고
조용히 흘러가 주기도 해요.

당신은 꼭 뭔가를 고치거나 해결하지 않아도 괜찮아요.
오늘은 그저 마음이 숨 쉬게만 해주세요.","worry, let go, ease","걱정, 흘려보내기, 편안함"
Worried,It’s okay to have a day where you’re not okay,괜찮지 않아도 괜찮은 하루예요,"Sometimes, you need a day when you don’t have to say, “I’m fine.”
If today is that kind of day, be honest with yourself and say,
“I have a lot of worries today.”

There are people who can accept that.
And more importantly, you can be the one who understands your heart best.","가끔은 “괜찮다”고 말하지 않아도 되는 날이 필요해요.
오늘이 그런 날이라면 그냥 솔직하게,
“나 오늘은 조금 걱정이 많아.”
그렇게 스스로에게 이야기해 주세요.

그 마음을 받아줄 수 있는 사람도 있고,
무엇보다 당신 자신이 그 마음을 가장 잘 알아줄 수 있으니까요.","worry, honesty, self-love","걱정, 솔직함, 자기사랑"
Anger,Your anger simply shows you’re alive,화가 나는 것도 당신이 살아있기 때문이에요,"Are little things making you flare up more today?
Don’t let that turn into blaming yourself for being “too sensitive.”
Your anger means you’re still deeply engaged with life, that you care.

So instead of forcing it down, quietly say, “Okay, I’m angry right now.”
Even that simple acknowledgment can help your heart settle.","오늘따라 사소한 일에도 화가 치밀어 오르나요?
그 마음 때문에 괜히 더 지치고, “왜 이렇게 예민할까” 하고 스스로를 탓하지 않았으면 해요.
화가 난다는 건, 당신이 지금도 진심으로 살아가고 있다는 증거예요.

오늘은 그 마음을 억지로 누르기보다,
조용히 “그래, 지금 나는 화가 나 있구나” 하고 인정해 주세요.
그것만으로도 마음이 조금 가라앉을 거예요.","anger, acceptance, alive","화, 인정, 살아있음"
Anger,Anger is often your way of protecting yourself,화도 결국 당신을 지키려는 마음이에요,"Sometimes, your anger rises simply as an instinct to shield yourself.
It’s your heart lifting a shield against rudeness or unfairness.

So don’t hate that anger too quickly.
Try to understand it today.
It only means you value yourself that much.","우리가 화를 내는 건 결국 스스로를 지키기 위한 본능이기도 해요.
무례함이나 부당함으로부터 당신을 보호하기 위해
마음이 방패를 들어 올린 거예요.

그러니 너무 미워하지 않아도 돼요.
오늘은 그 화를 조금 더 이해해 주세요.
당신은 그만큼 자신을 소중히 여기는 사람이니까요.","anger, protect, understand","화, 보호, 이해"
Anger,You don’t have to push your anger away,화를 억지로 밀어내려 하지 않아도 괜찮아요,"Ever thought, “Is it okay to be angry over this?” and tried to stuff that feeling down?
But suppressed anger often bursts out even bigger later on.

Today, let it simply sit in your heart.
In time, it will settle all on its own.","“이 정도 일로 화를 내도 될까?” 하고
억지로 그 감정을 눌러두려 하지 않아도 괜찮아요.
오히려 억눌러둔 화는 더 크게 터져 나올 때가 있죠.

오늘은 그냥 마음에 머무르게 두어도 괜찮아요.
그러다 보면 어느새 조금씩 잦아들 거예요.","anger, allow, flow","화, 허용, 흐름"
Anger,Don’t be ashamed of feeling angry,화를 느끼는 자신을 부끄러워하지 마세요,"Sometimes we’re embarrassed by our anger, thinking, “I should’ve held it in.”
But anger is just as human as any other feeling.
There’s nothing to be ashamed of.

Today, instead of scolding yourself, see it as a natural part of being human.","우리는 화를 내는 모습을 스스로 창피해할 때가 있어요.
“좀 더 참을걸…” 하고 후회하기도 하죠.
하지만 화도 인간적인 감정이에요.
조금도 부끄러워할 필요가 없어요.

오늘은 그 마음을 탓하기보다,
그저 사람으로서 느낄 수 있는 자연스러운 감정으로 바라봐 주세요.","anger, natural, acceptance","화, 자연스러움, 수용"
Anger,This anger you feel now will pass too,지금 느끼는 이 화도 언젠가 사라질 거예요,"Your anger might feel so intense right now that you wonder if it’ll always hurt this way.
But no feeling stays forever—it will gradually fade.

Today, trust that gentle flow a little more.
Before long, this anger will have softened.","지금 마음속에서 이글거리는 화가 너무 커서
앞으로도 계속 이렇게 아플까 봐 걱정될 수도 있죠.
하지만 어떤 감정도 머무르지 않고, 결국엔 조금씩 사라져 가요.

오늘은 그 흐름을 조금만 더 믿어보세요.
조만간 이 화도 한층 옅어져 있을 거예요.","anger, flow, trust","화, 흐름, 믿음"
Anger,Set your anger down for a moment and care for your body first,화를 잠시 내려놓고 몸부터 돌봐주세요,"When your heart fills with anger, your body tenses up too.
In those moments, pause your thoughts—roll your shoulders or sip something warm.

As your body relaxes, your mind will grow less sharp too.
I hope today is a day where you’re gentle with your body first.","마음에 화가 가득 차면, 몸도 덩달아 긴장하죠.
그럴 땐 머릿속 생각을 잠시 멈추고, 어깨를 한번 크게 돌리거나
따뜻한 물을 마셔보세요.

몸이 조금 편안해지면, 마음도 덜 날카로워질 거예요.
오늘은 몸부터 다독이는 하루가 되길 바라요.","anger, body, care","화, 몸, 돌봄"
Anger,You don’t have to struggle not to be angry,화를 내지 않으려 애쓰지 않아도 괜찮아요,"When you try too hard not to be angry, you might actually become more sensitive and hurt over small things.

Today, don’t force it down.
Simply notice, “I’m angry right now.”
That honesty might make your heart feel lighter.","화가 나지 않으려 애쓰다 보면
오히려 더 민감해지고, 작은 일에도 쉽게 상처받을 때가 있어요.

오늘은 억지로 참지 말고,
그저 “지금은 내가 화가 나 있구나” 하고 가만히 느껴보세요.
그 솔직함이 당신 마음을 조금 더 가볍게 만들어줄 거예요.","anger, honesty, lightness","화, 솔직함, 가벼움"
Anger,"Instead of holding your anger in, let it out little by little",화를 억누르기보단 조금씩 흘려보내 보세요,"If you keep pressing your anger down, it might someday burst out all at once and hurt even more.

Today, try releasing your anger bit by bit.
Write it down, or quietly speak it out alone.
Little by little, your heart will feel lighter.","화를 꾹꾹 눌러두다 보면,
언젠가는 한꺼번에 터져서 더 크게 다칠 수도 있어요.

오늘은 마음속 화를 조금씩 흘려보내 보세요.
종이에 마음을 써 내려가도 좋고, 혼자 조용히 내뱉어도 좋아요.
그렇게 조금씩 내보내면 마음이 한결 가벼워질 거예요.","anger, release, ease","화, 표출, 가벼움"
Anger,"Just for today, look at your anger gently",오늘 하루 만큼은 화를 부드럽게 바라봐 주세요,"Being angry isn’t a bad thing.
Today, try looking at that feeling a bit more softly.
Say to yourself, “Yes, I’m angry right now. That’s okay.”

When you can treat yourself this warmly, your heart will soon feel much calmer.","화가 난다는 건 나쁜 게 아니에요.
오늘은 그 마음을 조금 더 부드럽게 바라봐 주세요.
“그래, 나는 지금 화가 나 있어. 그럴 수도 있지.”
그렇게 스스로에게 속삭여 주세요.

당신이 자신을 이렇게 따뜻하게 대할 수 있을 때,
마음도 금세 한결 편안해질 거예요.","anger, warmth, calm","화, 온기, 편안함"
Anger,Your anger shows just how sincere you are,화를 느끼는 건 당신이 그만큼 진심이기 때문이에요,"Ever wonder why even small things make you so angry?
That anger is simply proof you’re facing things earnestly, unable to dismiss them lightly.

Today, look at yourself a bit more warmly.
Though it sometimes hurts, that heart makes you an honest, genuine person.","왜 이렇게 작은 일에도 화가 치밀까, 속상할 때가 있죠.
하지만 그 화는 당신이 그만큼 상황을 가볍게 넘기지 못할 만큼
진심으로 마주하고 있다는 뜻이에요.

오늘은 그런 자신을 조금만 더 따뜻하게 바라봐 주세요.
그 마음 때문에 때로는 아프지만, 결국 당신을 더 진솔한 사람으로 만들어 주고 있으니까요.","anger, sincerity, warmth","화, 진심, 따뜻함"
Anger,You don’t have to rush your anger away,화를 너무 빨리 없애려 하지 않아도 괜찮아요,"Feeling urgent to get rid of anger can actually make your heart more uneasy.
Today, gently allow that anger to linger a bit, telling yourself it’s okay.

Strangely enough, it might settle more softly than if you had rushed.
You can trust your own pace.","화를 빨리 없애야 한다는 조급함이 오히려 마음을 더 불편하게 만들곤 해요.
오늘은 그 화가 조금 머물러도 괜찮다고, 조용히 허락해 주세요.

그러면 신기하게도, 마음이 서두를 때보다 훨씬 부드럽게 가라앉을 거예요.
당신의 속도를 믿어도 좋아요.","anger, allow, pace","화, 허용, 속도"
Anger,"Accept yourself as you are, even when angry",화를 느끼는 자신을 있는 그대로 받아주세요,"Don’t blame yourself thinking, “Why do I get angry so easily?”
That feeling is still a part of who you are.

Today, instead of trying to change it, quietly observe, “So this is me right now.”
Eventually, it will pass with less pain.","“나는 왜 이렇게 쉽게 화가 날까” 하고 자신을 탓하지 않아도 괜찮아요.
그 마음도 결국 당신의 일부니까요.

오늘은 그 마음을 억지로 바꾸려 하지 말고,
“지금은 이런 내가 있구나.” 하고 그냥 조용히 바라봐 주세요.
그러다 보면 자연스럽게 조금은 덜 아프게 지나갈 거예요.","anger, acceptance, understanding","화, 수용, 이해"
Anger,You’re trying so hard by holding your anger in,화를 참고 있는 당신도 정말 애쓰고 있어요,"While you’ve been pressing your anger down, your heart must’ve felt so heavy.
I can imagine at least a little of how hard that was.

Today, gently tell yourself, “Thank you, you really tried.”
That simple phrase might ease your heart a bit more.","화를 꾹꾹 눌러 참고 있는 동안,
당신 마음이 얼마나 힘들었을지 나는 조금은 짐작할 수 있어요.

오늘은 그런 자신에게 “수고했어, 정말 애썼어.” 하고 조용히 말해 주세요.
그 한 마디가 마음을 조금 더 편안하게 만들어 줄 거예요.","anger, comfort, effort","화, 위로, 수고"
Anger,Writing out your anger can untangle your heart,화를 글로 적어보면 마음이 조금 덜 복잡해져요,"Try writing down that burning anger swirling inside you.
It doesn’t have to be for anyone else’s eyes—just be honest about how you feel.

Often, simply putting it on paper makes everything feel far less tangled.
Today, be open, even if only in front of pen and paper.","마음속에서 자꾸만 불타오르는 화를
글로 적어 내려가 보세요.
누구에게 보여주지 않아도 괜찮아요.
그저 내 마음이 지금 어떤지 솔직히 적어보는 것만으로도
마음이 훨씬 덜 복잡해질 거예요.

오늘은 종이와 펜 앞에서만이라도 솔직해 보세요.","anger, writing, clarity","화, 글쓰기, 정리"
Anger,"When you’re angry, start by simply noticing it","화가 나면, 그 마음부터 먼저 알아주세요","Trying too hard not to be angry can sometimes make that feeling even stronger, hurting you more.
Today, instead of forcing it away, say honestly, “Yes, I’m angry about this.”

When you acknowledge your feelings, your heart can slowly relax and catch its breath.","화를 내지 말아야지 하고 애쓰다 보면,
오히려 그 마음이 더 커져서 당신을 괴롭히곤 해요.
오늘은 억지로 없애려고 하지 말고,
“그래, 나는 지금 이 일 때문에 화가 났어.” 하고
먼저 그 마음을 솔직히 알아주세요.

자신의 감정을 인정해줄 때,
마음도 조금씩 긴장을 풀고 숨을 고를 거예요.","anger, acknowledgement, honesty","화, 인정, 솔직함"
Fear,"When fear feels large, seek out small comforts",두려움이 클수록 작은 안정을 더 챙겨주세요,"When fear takes up a big space in your heart, you don’t have to rush or try to fix everything at once.
In fact, forcing solutions often makes your heart more frantic, letting fear settle in even deeper.

Instead, tend to small sources of comfort today.
Sip warm tea slowly or quietly listen to a song you love.
Those gentle moments will protect you, little by little.","두려움이 마음을 크게 차지하고 있을 땐,
괜히 더 서두르거나 뭔가를 억지로 해결하려 들지 않아도 괜찮아요.
그럴수록 마음은 더 조급해지고, 두려움은 더 단단히 자리를 잡으니까요.

오늘은 오히려 작은 안정들을 하나씩 챙겨보세요.
따뜻한 차를 천천히 마시거나, 좋아하는 노래를 조용히 들어보세요.
그 사소한 순간들이 조금씩 당신을 지켜줄 거예요.","fear, comfort, small joys","두려움, 안정, 작은 행복"
Fear,It’s okay to speak your fears out loud,두려움을 솔직히 말해도 괜찮아요,"You might worry that sharing your fears with someone makes you look weaker.
But often, that honesty is exactly what keeps you well.

Try saying, even with just a bit of courage,
“This is something that scares me.”
Someone close to you will surely understand that brave honesty.","마음속 두려움을 누군가에게 솔직히 털어놓는 게
괜히 더 약해 보일까 걱정될 수도 있죠.
하지만 오히려 그 솔직함이 당신을 더 건강하게 만들어줄 거예요.

오늘은 작은 용기를 내어
“나는 이런 게 조금 무서워.” 하고 털어놔 보세요.
당신의 그 솔직함을 이해해 주는 사람도 분명 곁에 있을 거예요.","fear, honesty, connection","두려움, 솔직함, 관계"
Fear,Having fear doesn’t mean you can’t move forward,두려움이 있다고 해서 앞으로 못 나가는 건 아니에요,"When fear sits heavy in your heart, it can feel like you’re unable to take even one step.
But the truth is, you can carry fear with you and still move slowly ahead.

Today, it’s perfectly fine not to go far all at once.
Even a tiny step is meaningful.
Go only as far as your heart can come along.","마음에 두려움이 머무르면
왠지 한 발짝도 내딛지 못할 것 같은 기분이 들죠.
하지만 사실 두려움을 안고서도 우리는 앞으로 조금씩 나아갈 수 있어요.

오늘은 한꺼번에 멀리 가지 않아도 괜찮아요.
작은 발걸음이라도 충분히 의미 있는 걸음이에요.
그 속도로, 당신의 마음이 따라올 수 있는 만큼만 가 주세요.","fear, steps, courage","두려움, 발걸음, 용기"
Fear,You don’t have to deny your fears so hard,두려움을 너무 부정하지 않아도 괜찮아요,"Whenever fear rises up, do you find yourself thinking, “I shouldn’t feel this way,” and try to shove it down?
But that often makes your heart shrink even more, letting fear burrow deeper.

Today, simply acknowledge, “I’m a bit scared right now.”
It might pass by far more lightly than you expect.","두려움이 느껴질 때마다 “이런 생각은 하지 말아야지” 하고
애써 밀어내려 하지 않나요?
그럴수록 마음은 오히려 더 움츠러들고, 두려움은 더 깊어질 수도 있어요.

오늘은 그냥 “나는 지금 조금 무서워하고 있구나.” 하고
그 마음을 있는 그대로 인정해 주세요.
생각보다 훨씬 가볍게 스쳐갈 수도 있어요.","fear, acknowledge, gentle","두려움, 인정, 부드러움"
Fear,Having fear doesn’t mean you’re inadequate,두려움이 있다고 해서 당신이 못난 건 아니에요,"“Why am I so fearful? Why am I so weak…”
Are you pushing yourself with these thoughts?
Fear doesn’t exist because you’re lacking.
It actually shows just how carefully and sincerely you live.

It’s okay to move slowly today.
Fear doesn’t take away any of your worth.
Recognize yourself for living on even while carrying that feeling.","“왜 이렇게 겁이 많을까, 나는 왜 이렇게 약할까…”
혹시 이런 생각으로 자신을 몰아붙이고 있나요?
두려움이 있다는 건 당신이 부족해서가 아니에요.
오히려 당신이 얼마나 조심스럽게, 성실하게 살아가고 있는지를 보여주는 증거예요.

오늘은 조금 느려도 괜찮아요.
두려움이 있다는 사실이 당신의 가치를 낮추는 건 절대 아니니까요.
그 마음까지 품고서도 살아내고 있는 당신을 스스로 조금 더 인정해 주세요.","fear, respect, self-understanding","두려움, 존중, 자기이해"
Fear,Even a day with fear is still meaningful,두려움이 있어도 하루는 충분히 의미 있어요,"Just because fear lingered in your heart today doesn’t mean the day was empty or worthless.
Even if you were scared, living through today means you did wonderfully.

Tonight, before you sleep, gently tell yourself,
“I still made it through today.”
That one phrase will help make your tomorrow a bit steadier.","두려움이 마음에 남아 있는 하루라고 해서
그날이 허무하거나 의미 없는 건 아니에요.
조금 무섭더라도 하루를 살아낸 것만으로도 당신은 정말 잘한 거예요.

오늘 밤, 잠자리에 들기 전 자신에게 이렇게 말해주세요.
“그래도 나는 오늘을 무사히 지나왔어.”
그 한 마디가 내일의 당신을 조금 더 단단하게 만들어 줄 거예요.","fear, today, meaning","두려움, 오늘, 의미"
Fear,Fear means you’re moving forward,두려움이 있다는 건 앞으로 나아가고 있다는 거예요,"Someone who stands completely still rarely feels afraid.
Fear usually appears when you try to go just a bit farther, when you step onto unfamiliar paths.

Today, gently tell yourself,
“This fear only means I’m moving somewhere new.”
That very fear is what will help you grow one more step.","가만히 멈춰 있기만 한 사람은 사실 별로 두렵지 않아요.
두려움은 언제나 앞으로 조금이라도 더 나아가려 할 때,
낯선 길로 발을 들이밀 때 생기는 마음이에요.

오늘은 “그래, 내가 지금 두려운 건 그만큼 새로 나아가고 있어서 그래.”
하고 부드럽게 스스로에게 말해주세요.
그 두려움이 결국 당신을 한 발짝 더 성장시켜줄 거예요.","fear, growth, challenge","두려움, 성장, 도전"
Fear,Having fear doesn’t mean you’re wrong,두려움이 있다고 해서 당신이 틀린 건 아니에요,"When fear keeps covering your heart, you might wonder,
“Am I doing something wrong?” and start doubting yourself.
But fear doesn’t mean you’re on the wrong path.
It only means you’re still getting used to this road, wanting to move carefully.

Today, instead of blaming that feeling, quietly whisper,
“I’m still doing okay.”
That kindness will make your steps a bit lighter.","두려움이 자꾸 마음을 덮치면
“내가 뭘 잘못하고 있나?” 하고 괜히 자신을 의심하게 되죠.
하지만 두려움은 당신이 잘못하고 있어서가 아니에요.
그저 앞으로 나아가는 길에 아직 익숙하지 않아서,
조금 더 천천히 살피고 싶은 마음일 뿐이에요.

오늘은 그 마음을 탓하기보다는
“나는 지금도 잘 가고 있어.” 하고 부드럽게 속삭여 주세요.
그 다정함이 당신 발걸음을 조금 더 가볍게 만들어 줄 거예요.","fear, self-trust, gentle","두려움, 자기신뢰, 다정함"
Fear,"When fear grows, it’s okay to walk slower",두려움이 커질수록 조금 더 느리게 걸어도 괜찮아요,"As fear grows inside, you might feel like hurrying to shake it off quickly.
But that often makes your heart tense up more, keeping the fear from settling.

Today, it’s perfectly fine to move slower, at the pace where your breath stays calm.
That speed will guide you most safely in the end.","마음속 두려움이 커질수록,
괜히 서둘러서 얼른 이 감정을 떨쳐내고 싶을 때가 있죠.
하지만 그럴수록 마음은 더 긴장하고, 두려움은 쉽게 가라앉지 않아요.

오늘은 조금 더 느리게, 천천히 걸어가도 괜찮아요.
당신이 편안히 숨 쉴 수 있는 만큼만 나아가 주세요.
그 속도가 결국 가장 안전하게 당신을 이끌어 줄 거예요.","fear, pace, ease","두려움, 속도, 편안함"
Fear,Even the time when fear stays will eventually pass,두려움이 머무는 시간도 결국은 지나가요,"Sometimes it feels overwhelming, like fear might stay forever.
You wonder, “What if I keep being this scared?”
But no feeling remains forever.
Fear will also move on, and through that time, you’ll become a bit stronger.

Today, quietly reassure yourself,
“This too will surely pass someday.”
That one thought might give your heart a small place to breathe.","두려움이 너무 오래 머물 것 같아 막막할 때가 있죠.
“계속 이렇게 무서울까 봐” 더 불안해지기도 해요.
하지만 어떤 마음도 영원히 머물지 않아요.
두려움도 결국은 지나가고, 당신은 그 시간 속에서 조금 더 단단해질 거예요.

오늘은 “이 마음도 언젠가 분명 지나간다.” 하고
조용히 스스로를 안심시켜 주세요.
그 한 마디가 당신 마음에 작은 숨구멍을 만들어 줄 거예요.","fear, passage, comfort","두려움, 흐름, 위로"
Fear,Fear means you’re protecting yourself,두려움이 있다는 건 당신이 스스로를 지키고 있다는 거예요,"When fear keeps clinging to your heart, please don’t see it only as weakness.
In truth, fear is like a safeguard, helping you look more carefully so you don’t get hurt.

Today, try being a little grateful for that feeling.
“Thanks to this, I can be a bit more cautious.”
Even that small thought can make fear feel less heavy.","두려움이 자꾸 마음을 잡고 늘어질 때,
그 마음을 “약해서 그렇다”고만 여기지 않았으면 해요.
사실 두려움은 당신이 다치지 않도록,
더 신중히 살피게 만드는 보호 장치 같은 거예요.

오늘은 그 마음을 조금 더 고마워해주세요.
“그래, 이 마음 덕분에 나는 조금 더 조심할 수 있구나.”
그 생각만으로도 두려움은 조금 덜 무겁게 느껴질 거예요.","fear, protect, gratitude","두려움, 보호, 고마움"
Fear,"Even with fear, you’re doing so well",두려움 속에서도 잘 해내고 있는 당신이에요,"Living while carrying fear is never easy.
Still, you made it through today, caught your breath, and came this far.
That alone means you’re doing wonderfully.

Tonight, give yourself a small praise.
“Yes, I lived through today too.”
That single thought will help you greet tomorrow with a bit more courage.","두려움을 안고 살아가는 건 결코 쉬운 일이 아니에요.
그럼에도 당신은 오늘 하루를 버텼고, 숨을 고르며 여기까지 왔어요.
그 자체만으로도 충분히 잘하고 있는 거예요.

오늘 밤, 스스로에게 작은 칭찬을 해주세요.
“그래, 나는 오늘도 잘 살아냈어.”
그 한 마디가 내일을 조금 더 용기 있게 맞이하게 만들어 줄 거예요.","fear, praise, courage","두려움, 칭찬, 용기"
Fear,It’s okay if fearful thoughts keep returning,두려움이 자꾸 생각나도 괜찮아요,"When your heart feels uneasy, it often circles back to the same worries and fears.
Don’t get frustrated thinking, “Why do I keep repeating these thoughts?”
It’s only your mind’s way of trying to find safety in uncertainty.

Today, instead of trying to stop it, gently acknowledge,
“Yes, I’ve been thinking about this a lot. That’s okay.”
Even that small acceptance can ease so much urgency.","마음이 불안하면, 같은 걱정과 두려움을 계속해서 떠올리게 돼요.
“왜 이렇게 같은 생각만 반복하지?” 하며 스스로를 답답해하지 않았으면 좋겠어요.
그건 당신이 지금 그만큼 불안 속에서 어떻게든 안전을 찾으려 하고 있기 때문이에요.

오늘은 그 마음을 억지로 멈추려고 하지 말고,
“그래, 지금 나는 이런 생각을 자주 하고 있구나. 괜찮아.” 하고 부드럽게 인정해 주세요.
그 한 마디만으로도 마음이 훨씬 덜 조급해질 거예요.","fear, repeating, acceptance","두려움, 반복, 인정"
Fear,You don’t have to push fear so far away,두려움을 너무 멀리 밀어내지 않아도 괜찮아요,"The more you try to shove fear away, the more uneasy your heart often becomes.
Instead, try keeping a gentle distance and simply walk alongside it.
You don’t have to get rid of it right now—fear won’t harm you.

Today, quietly soothe yourself by saying,
“I’m a little scared, but that’s okay. This feeling can come along with me.”
That thought alone might calm your heart so much.","두려움을 애써 멀리 밀어내려고 하면 할수록
마음은 오히려 더 불안해지곤 해요.
그럴 때는 그냥 두려움과 조금 거리를 두고 나란히 걸어보세요.
굳이 당장 없애지 않아도, 두려움은 당신을 해치지 않을 거예요.

오늘은 “조금 무섭지만, 괜찮아. 이 마음도 함께 가는 거니까.” 하고
조용히 스스로를 달래 주세요.
그 말이 마음을 한결 편안하게 만들어줄 거예요.","fear, accompany, ease","두려움, 동행, 느긋함"
Fear,Fear shows your heart is awake,두려움이 있다는 건 당신 마음이 깨어 있다는 거예요,"You might wish you could live without fear.
But truly, fear is proof that your heart is still alive and awake.
It grows because there are things you want to do well and protect.

Today, instead of disliking that feeling, quietly say,
“This just means I still care deeply.”
That gentle recognition can make today feel a little warmer.","두려움이 없으면 좋겠다고 생각할 수도 있지만,
사실 두려움은 당신 마음이 지금도 살아있고 깨어 있다는 증거예요.
무언가를 더 잘하고 싶고, 지키고 싶기 때문에 생기는 마음이니까요.

오늘은 그 마음을 미워하지 말고,
“나는 지금도 이렇게 진심이구나.” 하고 살며시 받아주세요.
그 부드러운 인정이 오늘을 조금 더 따뜻하게 만들어 줄 거예요.","fear, sincerity, awake","두려움, 진심, 깨어있음"
Lonely,There’s nothing wrong with feeling lonely,외롭다고 해서 잘못된 건 하나도 없어요,"“Why do I feel lonely so often?”
I hope you don’t see yourself as strange because of this.
Loneliness isn’t something odd or shameful.
It simply means your heart still longs for warmth and connection.

Today, look at that loneliness with a bit more kindness.
It only shows how tender and gentle you truly are.","“왜 이렇게 나는 자주 외로울까…” 하고 스스로를 이상하게 느끼지 않았으면 좋겠어요.
외로움은 결코 이상하거나 부끄러운 게 아니에요.
당신 마음에 여전히 사람을 향한 따뜻함과 연결되고 싶은 마음이 있다는 뜻이에요.

오늘은 그 외로움을 조금만 더 다정히 바라봐 주세요.
그 마음이 당신이 얼마나 애틋하고 부드러운 사람인지를 잘 보여주고 있으니까요.","loneliness, acceptance, gentle","외로움, 인정, 다정함"
Lonely,"When loneliness deepens, start by caring for your body",외로움이 더 깊어질 땐 몸부터 챙겨보세요,"On days when loneliness feels heavier than usual,
try focusing on caring for your body first.
Drinking warm water or wrapping up in a soft blanket
might bring a bit of comfort.

Today, gently replace the warmth you long for from others
by caring for your own body.
That tenderness will slowly reach your heart too.","마음이 유난히 쓸쓸한 날에는
작은 것부터 몸을 돌보는 데 집중해 보세요.
따뜻한 물을 마시거나, 부드러운 담요를 덮는 것만으로도
조금은 위로가 될 거예요.

오늘은 사람에게서 받지 못한 온기를
스스로 몸을 챙기는 일로 살며시 대신해 주세요.
그 다정함이 당신 마음에도 조금씩 번져갈 거예요.","loneliness, body, care","외로움, 몸, 돌봄"
Lonely,Loneliness shows your heart still longs for someone,외로움은 당신 마음이 여전히 누군가를 찾고 있다는 증거예요,"When loneliness keeps coming back,
it’s because your heart still wants to trust, still hopes to connect.
Please don’t see that only as sadness.

Today, quietly acknowledge,
“My heart is still looking for someone.”
That gentle understanding might soften today’s loneliness.","외로움이 자꾸 찾아오는 건
당신 마음이 아직도 사람을 믿고 싶어 하고,
연결되고 싶어 하기 때문이에요.
그 마음을 너무 서글프게만 보지 말아 주세요.

오늘은 “내 마음이 이렇게 누군가를 찾고 있구나.” 하고
살며시 이해해 주세요.
그 부드러운 이해가 오늘의 외로움을 조금 덜 날카롭게 만들어 줄 거예요.","loneliness, connection, understanding","외로움, 연결, 이해"
Lonely,Just because you’re lonely doesn’t mean you’re lacking,외로움이 크다고 해서 당신이 부족한 건 아니에요,"Sometimes loneliness makes you feel like you’re somehow incomplete.
But loneliness doesn’t come because you’re missing something.
It’s simply because your heart is deep and craves more warmth.

Today, embrace even that loneliness as a part of you.
Remember that living while comforting this feeling only shows how tender you truly are.","외롭다는 이유만으로
괜히 자신이 모자란 사람처럼 느껴질 때가 있죠.
하지만 외로움은 당신이 특별히 부족해서 생기는 게 아니에요.
그저 마음이 조금 더 깊어서, 더 많은 온기를 바라고 있기 때문이에요.

오늘은 그 외로움까지 당신의 일부로 살며시 껴안아 주세요.
그 마음까지 다독이며 살아가는 당신이 훨씬 더 다정한 사람이라는 걸 기억해 주세요.","loneliness, depth, self-love","외로움, 깊이, 자기사랑"
Lonely,"Even lonely, you made it through today",외로워도 오늘 하루를 잘 살아낸 당신이에요,"Carrying loneliness while living through a day is never easy.
Still, you paused, breathed, and came this far.
That alone means you’ve done enough.

Tonight, gently tell yourself,
“Yes, I held on today too.”
That one phrase will help you greet tomorrow a little more gently.","외로운 마음을 안고 하루를 살아낸 건
결코 쉬운 일이 아니에요.
그럼에도 당신은 오늘도 숨을 고르며 여기까지 왔어요.
그 자체로 충분히 잘해낸 거예요.

오늘 밤, 잠들기 전에 스스로에게 살포시 말해주세요.
“그래, 오늘도 잘 버텼어.”
그 한 마디가 내일을 조금 더 부드럽게 맞이하게 만들어 줄 거예요.","loneliness, today, comfort","외로움, 오늘, 위로"
Lonely,"When loneliness visits, try focusing a bit more on yourself",외로움이 찾아올 때는 조금 더 자신에게 집중해 주세요,"When your heart starts feeling empty and lonely,
don’t rush to erase that loneliness. Instead, gently listen to yourself.
Ask what you love right now, what might lift your mood even a little.

Today, may you be kinder to yourself than anyone else.
That small care and affection might make your loneliness feel a bit softer.","마음이 자꾸 허전하고 쓸쓸해질 때는
그 외로움을 없애기 위해 애쓰지 말고, 오히려 나에게 조금 더 귀 기울여 주세요.
내가 지금 무엇을 좋아하는지, 어떤 걸 하면 조금이라도 기분이 나아질지
살며시 물어보세요.

오늘은 세상 누구보다 당신 자신에게 다정한 하루가 되길 바라요.
그 작은 관심과 애정이 외로움을 조금은 덜 날카롭게 만들어줄 거예요.","loneliness, self-care, gentle","외로움, 자기돌봄, 다정함"
Lonely,"Even if you fear this loneliness will last, it’s okay",외로움이 길어질까 두렵더라도 괜찮아요,"Sometimes what’s scarier than loneliness itself is worrying about how long it might stay.
You try to measure the end of it and only feel more anxious.
But this loneliness comes because you so earnestly long for people, connection, and warmth.
It’s never because you did something wrong.

Today, don’t force that feeling away.
Let it sit quietly beside you.
Gently say, “Yes, I feel so lonely right now. And that’s still okay.”
That tender phrase might make you feel just a little less alone.","가끔 외로움이 너무 깊어질까 봐 더 무서울 때가 있어요.
“이 외로움이 언제까지 계속될까?” 하고 끝을 가늠해보려다
더 불안해지기도 하죠.
하지만 외로움은 당신이 사람을, 관계를, 따뜻함을 그만큼 간절히 바라기 때문에 찾아오는 마음이에요.
결코 당신이 잘못해서 생긴 감정이 아니에요.

오늘은 그 마음을 억지로 멀리 밀어내지 말고
살며시 옆에 두어보세요.
“그래, 지금 나는 많이 외롭구나. 하지만 그마저도 괜찮아.”
그 다정한 한마디가 당신을 조금 덜 쓸쓸하게 해줄 거예요.","loneliness, acceptance, warmth","외로움, 수용, 따뜻함"
Lonely,"The lonelier you feel, the more gently check in with yourself",외로울수록 조금 더 자신을 살펴주세요,"When your heart feels hollow, you might hurry to fill that space—
rushing into busyness or forcing your mind onto something else.
But often, that only makes your heart more frantic, trying not to slip into loneliness,
leaving you even more exhausted.

Today, slow down just a little and quietly ask,
“What do I want right now? What would make me feel a bit more at ease?”
That gentle question might make your loneliness hurt a little less today.","마음이 텅 빈 듯 허전할 때,
그 빈 공간을 어떻게든 채우기 위해 더 바쁘게 움직이고,
애써 다른 일에 몰두하려 들 때가 있어요.
하지만 그럴수록 마음은 더 놓치지 않으려 조급해져서
더 지치기만 할 때도 있죠.

오늘은 조금만 속도를 늦추고,
“지금 내가 뭘 원할까? 어떻게 하면 조금 더 편안할까?” 하고
살며시 자신에게 물어주세요.
그 부드러운 관심이 오늘 당신의 외로움을
조금은 덜 아프게 만들어줄 거예요.","loneliness, attention, self-care","외로움, 관심, 자기돌봄"
Lonely,It’s okay not to hurry your lonely heart,외로운 마음을 너무 서두르지 않아도 괜찮아요,"Sometimes you grow impatient, wondering,
“When will this loneliness finally fade?”
You try to crowd it out with busyness,
but the moment things slow down, loneliness often returns.

Today, try gently telling yourself,
“It’s okay if this stays a little longer.”
That unhurried kindness might protect you more than you know.
And one day, this loneliness will quietly leave your side.","외로움이 오래 가지 않길 바라면서,
“언제쯤이면 이 마음이 사라질까?” 하고 애가 타기도 하죠.
그 마음을 빨리 달래려고 다른 일로 바쁘게 채우려 해도
문득 멈추는 순간, 외로움은 다시 찾아오곤 해요.

오늘은 그냥 “조금 더 머물러도 괜찮아.” 하고
마음을 느긋하게 두어 보세요.
그 느긋함이 오히려 당신을 더 튼튼히 지켜줄 거예요.
그리고 어느 순간, 그 외로움도 살며시 당신 곁을 떠날 거예요.","loneliness, ease, patience","외로움, 느긋함, 기다림"
Lonely,"When loneliness comes, care for yourself a little more",외로움이 찾아올 때는 스스로를 조금 더 챙겨주세요,"When your heart grows empty, you might push yourself harder,
wondering, “Why do I get lonely so easily?” and blame yourself.
But the lonelier you feel, the more gently you should look after yourself.
What you need right now isn’t criticism—it’s small moments of care.

Today, sip something warm or breathe in a scent you love.
Those tiny acts of care will slowly seep in and make today a bit gentler.","마음이 공허해지면, 괜히 자신을 더 몰아붙이게 될 때가 있어요.
“나는 왜 이렇게 쉽게 쓸쓸해질까?” 하고 자책하기도 하죠.
하지만 외로움이 찾아올수록 더 부드럽게 자신을 살펴주세요.
당신이 지금 필요한 건 다그침이 아니라 작은 돌봄이에요.

오늘은 따뜻한 물을 마시거나, 좋아하는 향을 맡아보세요.
작은 돌봄 하나가 마음에 조금씩 스며들어
당신의 오늘을 더 부드럽게 만들어 줄 거예요.","loneliness, care, self-love","외로움, 돌봄, 자기사랑"
Lonely,"Even on lonely days, you’re doing so well",외로운 날에도 당신은 잘 살아가고 있어요,"Carrying loneliness and still making it through the day
takes more courage than you might ever realize.
Still, you paused, breathed, and came this far—
and that means you’re already doing enough.

Tonight, quietly whisper to yourself,
“I lived through today too.”
That gentle phrase might make tomorrow come a little more peacefully.","외로운 마음을 안고 하루를 지나오는 건
생각보다 훨씬 더 용기 있는 일이에요.
그럼에도 오늘도 숨을 고르며 여기까지 온 당신은
이미 충분히 잘하고 있는 거예요.

오늘 밤, 스스로에게 조용히 속삭여 주세요.
“나는 오늘도 잘 살아냈어.”
그 부드러운 한마디가 당신의 내일을 조금 더 편안하게 만들어줄 거예요.","loneliness, courage, today","외로움, 용기, 오늘"
Lonely,"Even in loneliness, your heart is still warm",외로움 속에서도 당신 마음은 여전히 따뜻해요,"On lonely days, it can feel like you’re the only person left in the world,
and your heart grows colder.
But even then, deep inside, your heart is still ready to love,
still alive with the wish to give and receive warmth.

Today, cherish even that longing.
“My loneliness means my heart is still warm.”
That thought might make today a little less lonely.","외로운 날에는 마치 세상에 혼자 남은 것 같아
마음이 더 차갑게 식는 기분이 들죠.
하지만 그런 날에도 사실 당신 마음속에는
여전히 누군가를 사랑할 준비가 되어 있고,
따뜻함을 주고받고 싶은 마음이 살아 있어요.

오늘은 그 마음까지도 소중히 여겨 주세요.
“내가 이렇게 외로운 건, 아직도 마음이 따뜻하기 때문이구나.”
그 생각이 오늘을 조금 덜 쓸쓸하게 만들어 줄 거예요.","loneliness, warmth, love","외로움, 따뜻함, 사랑"
Lonely,It’s okay not to force loneliness away,외로움을 억지로 없애려 하지 않아도 괜찮아요,"You might rush to shake off loneliness—
keeping busy or forcing a smile.
But the more you push it out, the bigger it sometimes returns.

Today, simply let that feeling sit beside you.
Gently say, “Yes, I feel a bit lonely right now.”
That honest phrase might make your heart feel far less heavy.","외로운 마음을 빨리 떨쳐내야 할 것 같아
괜히 더 바쁘게 움직이고, 일부러 웃어 보일 때도 있죠.
하지만 억지로 그 마음을 밀어내려 할수록
오히려 더 크게 돌아오기도 해요.

오늘은 그냥 그 마음을 옆에 두어도 괜찮아요.
“그래, 지금은 조금 외롭구나.” 하고 조용히 인정해주세요.
그 솔직한 한마디가 당신 마음을 훨씬 덜 무겁게 만들어 줄 거예요.","loneliness, honesty, acceptance","외로움, 솔직함, 수용"
Lonely,You don’t have to hide your loneliness so hard,외로운 마음을 너무 숨기려 애쓰지 않아도 괜찮아요,"Sometimes you pretend to be strong, to act as if nothing bothers you,
just to keep others from seeing your loneliness.
But doing that can actually deepen the sense of being alone,
pulling you further down.
Loneliness doesn’t go away by being hidden—it often feels lighter when faced honestly.

Today, gently admit,
“Yes, I’m lonely right now.”
That simple phrase might make your heart feel less heavy.
In that honesty, your heart can finally breathe a little.","외롭다는 마음을 들키기 싫어 괜히 더 씩씩한 척, 아무렇지 않은 척할 때가 있죠.
하지만 그럴수록 마음은 점점 더 혼자가 된 것 같아,
더 깊이 가라앉을 수도 있어요.
외로움은 숨긴다고 해서 사라지지 않아요.
오히려 솔직히 마주해 줄 때, 조금 더 가볍게 머물다 가곤 해요.

오늘은 “그래, 나는 지금 외롭구나.” 하고 조용히 인정해 주세요.
그 한마디가 오히려 당신 마음을 덜 무겁게 만들 거예요.
그렇게 솔직해진 순간, 마음에는 작은 숨통이 트일 거예요.","loneliness, honesty, breath","외로움, 솔직함, 숨통"
Lonely,"Even in loneliness, you’re still entirely okay",외로운 당신도 여전히 충분히 괜찮은 사람이에요,"When loneliness often visits, you might start feeling inadequate,
thinking, “Why do I get lonely so easily? Why am I so weak…”
But that feeling doesn’t lessen your worth.
Even with loneliness, you’re still a perfectly okay person,
already handling so much so well.

Tonight, gently whisper to yourself,
“I’m still a good person.”
That soft phrase might let your heart rest a little more peacefully.","외로움이 자주 찾아오면 괜히 스스로가 더 모자란 사람처럼 느껴질 때가 있죠.
“왜 나는 이렇게 쉽게 쓸쓸해질까, 나는 왜 이렇게 약할까…”
하지만 그 마음 때문에 당신의 가치가 달라지진 않아요.
당신은 외로워도, 여전히 충분히 괜찮은 사람이고,
이미 많은 걸 잘 해내고 있는 사람이에요.

오늘 밤에는 스스로에게 이렇게 살포시 속삭여 주세요.
“그래도 나는 괜찮은 사람이야.”
그 부드러운 한마디가 당신 마음을 조금 더 편안히 쉬게 해줄 거예요.","loneliness, self-love, okay","외로움, 자기사랑, 괜찮음"
Anxious,You don’t have to see your anxiety as something bad,불안을 너무 나쁘게만 보지 않아도 괜찮아요,"When anxiety comes, you might feel like it’s a wrong or flawed feeling,
thinking, “Why do I get so anxious over little things?” and blame yourself.
But anxiety simply means you’re taking things seriously,
wanting to handle them well.

Today, look at that anxiety a bit more kindly.
Gently tell yourself, “It’s because I’m careful.”
That one phrase might soothe your heart more than you expect.","불안이 찾아오면 마치 잘못된 생각이나 감정처럼 느껴져서
“왜 이렇게 별일 아닌 것에도 불안할까?” 하고 스스로를 자꾸 탓하죠.
하지만 불안은 당신이 상황을 진지하게 바라보고,
무언가를 더 잘 해내고 싶어하기 때문에 생기는 자연스러운 마음이에요.

오늘은 그 불안을 조금만 더 다정하게 바라봐 주세요.
“그래, 내가 신중해서 그렇구나.” 하고 스스로를 부드럽게 다독여 주세요.
그 말 한마디가 마음을 조금 더 편안하게 만들어줄 거예요.","anxiety, careful, gentle","불안, 신중함, 다정함"
Anxious,"When anxiety grows, start by breathing slowly",불안이 커질수록 숨부터 천천히 쉬어보세요,"When anxiety fills your heart, your head grows crowded and your breath turns shallow.
In those moments, don’t struggle to organize your thoughts—
simply breathe in and out slowly.

As your breath deepens, your heart will gradually loosen its tight grip.
Today, take some time to calm your heart through your breath.","불안이 마음을 가득 채우면 머리가 복잡해져서
숨조차 얕아질 때가 있죠.
그럴 땐 생각을 어떻게 정리할지 애쓰기보다는
그저 숨부터 천천히 들이쉬고 내쉬어 보세요.

호흡이 조금씩 깊어지면,
마음도 서서히 긴장을 풀 거예요.
오늘은 숨으로 마음을 달래는 시간을 꼭 가져보세요.","anxiety, breath, calm","불안, 호흡, 진정"
Anxious,Feeling anxious doesn’t mean you’re weak,불안하다고 해서 당신이 약한 사람은 아니에요,"When anxiety keeps pushing in, you might feel small and fragile,
thinking, “Why am I so anxious over such small things?” and blame your heart.
But feeling anxious doesn’t make you weak.
It simply means you’re facing life sincerely, and that can make things feel heavier.

Today, try understanding that feeling a little more.
Gently say, “This means I’m a deeper person.”
That one phrase might help your heart breathe easier today.","불안이 자꾸 밀려오면 괜히 스스로를 더 작고 약하게 느끼게 되죠.
“왜 이렇게 별것도 아닌데 불안하지?” 하고
마음을 자책하기도 해요.
하지만 불안을 느낀다고 해서 당신이 나약한 건 아니에요.
오히려 그만큼 삶을 진심으로 마주하고 있기 때문에 더 불안해지는 거예요.

오늘은 그 마음을 조금만 더 이해해 주세요.
“나는 그래서 더 깊은 사람이구나.” 하고 부드럽게 말해주세요.
그 한마디가 오늘 당신을 조금 더 편안히 숨 쉬게 만들어줄 거예요.","anxiety, self-understanding, depth","불안, 자기이해, 깊이"
Anxious,Anxiety isn’t always here to harm you,불안은 언제나 당신을 해치기 위해 오는 게 아니에요,"When you feel anxious, you might see it as a bad emotion that needs to be erased.
But anxiety sometimes shows up to help you be more careful,
to make sure you don’t get hurt or miss something important.

Today, instead of pushing it away, quietly say,
“This feeling is just trying to protect me.”
That gentle acceptance might bring a bit more peace to your heart.","불안을 느끼면 무조건 없애야 할 나쁜 감정처럼 여기게 되죠.
하지만 불안은 당신이 혹시 다칠까, 무언가를 놓칠까 봐
조금 더 조심스럽게 살피게 만드는 역할도 해요.

오늘은 그 불안을 완전히 밀어내려 하지 말고
“그래, 이 마음도 나를 지키려고 나타난 거야.” 하고
살며시 이해해 주세요.
그 부드러운 인정이 오늘 당신 마음을 조금 더 편안하게 만들어줄 거예요.","anxiety, understanding, protect","불안, 이해, 보호"
Anxious,"Even with anxiety, you’re still doing well",불안 속에서도 당신은 여전히 잘하고 있어요,"Living through a day while carrying anxiety
takes more strength than you might think.
Even though your heart wavered and it was hard,
you paused, breathed, and made it here today—
that means you’re already doing enough.

Tonight, gently tell yourself,
“I held on today too.”
That soft phrase might make tomorrow’s anxiety a little lighter.","불안을 안고 하루를 살아낸다는 건
생각보다 훨씬 더 대단한 일이에요.
그 마음이 자꾸 흔들려서 힘들었음에도,
오늘도 이렇게 숨을 고르고 서 있는 당신은
이미 충분히 잘하고 있는 거예요.

오늘 밤, 스스로에게 살포시 이야기해주세요.
“나는 오늘도 잘 버텼어.”
그 부드러운 한마디가 내일의 불안을 조금 더 가볍게 만들어줄 거예요.","anxiety, courage, today","불안, 용기, 오늘"
Anxious,It’s okay not to force your anxiety away,불안을 억지로 없애려 하지 않아도 괜찮아요,"When anxiety comes, do you rush to say, “This needs to disappear right now,”
and push your heart even harder?
But often, the more you force anxiety out, the more firmly it settles in.

Today, try simply letting it sit beside you.
Gently say, “It’s okay to feel a bit anxious right now.”
That honest phrase might make your heart feel far less heavy.","불안이 몰려올 때마다, “이런 감정은 빨리 사라져야 해.” 하고
마음을 더 조급하게 몰아세우지 않나요?
하지만 억지로 불안을 밀어내려고 할수록
그 마음은 더 단단히 자리 잡을 때가 많아요.

오늘은 그냥 그 불안을 옆에 두고
“그래, 지금 조금 불안해도 괜찮아.” 하고 살며시 인정해 주세요.
그 솔직한 한마디가 오히려 마음을 훨씬 덜 무겁게 만들어줄 거예요.","anxiety, honesty, acceptance","불안, 솔직함, 수용"
Anxious,"When anxious, take a little more care of your body",불안할 때는 조금 더 몸을 돌봐주세요,"The deeper anxiety grows, the busier your mind gets,
and your body often tenses right along with it.
Instead of trying to sort out every thought, start by loosening your body.
Gently roll your shoulders or softly massage your fingers.

As your body eases, your heart will begin to catch its breath too.
Today, soothe your mind by caring for your body first.","불안이 깊어질수록 머릿속은 더 복잡해지고,
몸은 덩달아 굳어버리곤 하죠.
그럴 때는 생각을 더 정리하려 애쓰기보다는
그저 몸부터 살살 풀어보세요.
어깨를 부드럽게 돌리거나 손가락을 조심히 주물러보는 것만으로도 좋아요.

몸이 조금 느슨해지면,
마음도 그에 맞춰 조금씩 숨을 고를 거예요.
오늘은 머릿속이 아닌, 몸을 통해 마음을 달래주세요.","anxiety, body, care","불안, 몸, 돌봄"
Anxious,Your anxiety is there because you’re thoughtful,불안이 있다는 건 당신이 신중하기 때문이에요,"Because of anxiety, you might think,
“Why am I so sensitive?” and start blaming yourself.
But that anxiety grows because you’re so careful and sincere
that you don’t easily dismiss even small things.

Today, try accepting that part of you a little more.
Gently say, “This just means I’m a deeper person.”
That soft phrase might make today’s anxiety sting a little less.","불안한 마음 때문에 괜히 “나는 왜 이렇게 예민하지?” 하고
스스로를 탓할 수도 있죠.
하지만 그 불안은 당신이 사소한 것도 그냥 넘기지 않을 만큼
신중하고 성실하기 때문에 생기는 마음이에요.

오늘은 그 마음까지도 조금 더 인정해 주세요.
“그래, 내가 그래서 더 깊은 사람이구나.” 하고
살포시 스스로를 다독여 주세요.
그 부드러운 한마디가 오늘의 불안을 조금 덜 날카롭게 만들어 줄 거예요.","anxiety, careful, self-understanding","불안, 신중함, 자기이해"
Anxious,Writing your anxieties out might make them less tangled,불안을 적어 내려가면 조금 덜 복잡해질 거예요,"When anxious thoughts swirl around your mind,
they can tangle up until you feel breathless with frustration.
In those moments, try writing them down.
Seeing them as words might make them feel far less messy.

Today, it’s perfectly okay to be honest—at least in front of paper.
After writing it all out, you might find you can breathe a bit more easily.","불안한 마음이 머릿속을 계속 맴돌면
점점 더 생각이 꼬여서 숨이 막히듯 답답할 때가 있죠.
그럴 땐 그 마음을 그냥 종이에 써보세요.
글자로 적어 놓으면 생각보다 훨씬 덜 복잡하게 느껴질 거예요.

오늘은 종이 앞에서만큼은 솔직해도 괜찮아요.
그 마음을 모두 적어 내려간 뒤에는
조금 더 가볍게 숨 쉴 수 있을 거예요.","anxiety, writing, clarity","불안, 글쓰기, 정리"
Anxious,"Even with anxiety, you made it through today",불안 속에서도 오늘을 잘 살아낸 당신이에요,"Living through a day while carrying anxiety is never an easy task.
Even though your heart kept trembling,
you paused, breathed, and came this far—
that means you’ve already done enough.

Tonight, quietly whisper to yourself,
“I held on today too.”
That soft phrase might make tomorrow’s anxiety feel a little lighter.","불안을 안고 하루를 살아낸 건 결코 쉬운 일이 아니에요.
마음이 계속 흔들리는데도,
오늘도 이렇게 숨을 고르고 여기까지 온 당신은
이미 충분히 잘하고 있는 거예요.

오늘 밤, 스스로에게 이렇게 속삭여 주세요.
“나는 오늘도 잘 버텼어.”
그 부드러운 한마디가 내일의 불안을 조금 더 가볍게 만들어줄 거예요.","anxiety, today, comfort","불안, 오늘, 위로"
Anxious,Don’t worry too much if anxiety seems to block your potential,불안이 당신의 가능성을 가로막는 것 같아도 너무 걱정하지 마세요,"When anxiety keeps tangling up your mind,
you might start wondering, “Is this why I can’t do anything right?”
But having anxiety doesn’t erase your potential.
Your strengths and warmth are still fully there.

Today, even if the anxiety feels heavy, quietly say,
“I’m still someone who can move forward.”
That thought might make your steps feel a little less scary.","불안이 머릿속을 자꾸 복잡하게 만들면,
“이래서 나는 아무것도 제대로 못 해내는 건 아닐까…” 하고
스스로를 의심하게 될 때가 있어요.
하지만 불안이 있다고 해서 당신의 가능성이 사라지는 건 아니에요.
당신이 가진 능력과 따뜻함은 여전히 그대로예요.

오늘은 불안이 조금 무겁더라도
“나는 그래도 앞으로 갈 수 있는 사람이야.” 하고 속으로 속삭여 주세요.
그 말이 오늘 당신의 발걸음을 조금 덜 두렵게 만들어줄 거예요.","anxiety, potential, encouragement","불안, 가능성, 격려"
Anxious,Maybe your anxiety is asking you to rest,불안이 당신에게 휴식을 말해주고 있는 걸 수도 있어요,"Sometimes anxiety is a way for your heart and body to say,
“You need to pause and rest now.”
When you keep pushing forward without stopping,
your mind can grow heavy, building up even more anxiety.

Today, instead of forcing that feeling away, quietly think,
“It’s just time for me to slow down a little.”
That ease might bring you so much more comfort.","가끔 불안은 “지금 잠시 멈추고 쉬어야 해” 하고
몸과 마음에 보내는 신호일 때가 있어요.
계속 앞으로만 달리다 보면
마음이 무거워져서 더 크게 불안을 만들어내곤 하죠.

오늘은 그 불안을 무작정 밀어내기보다
“그래, 지금은 조금 쉬어야 할 때구나.” 하고
살며시 속도를 늦춰 주세요.
그 느긋함이 당신을 훨씬 더 편안하게 해줄 거예요.","anxiety, rest, slow down","불안, 휴식, 속도"
Anxious,You don’t have to fear that anxiety will break you,불안 때문에 망가질까 걱정하지 않아도 괜찮아요,"When anxiety keeps shaking your mind and body,
you might start to wonder, “What if this all ends badly?” and imagine frightening outcomes.
But anxiety alone won’t break you.
If anything, it often makes you pay closer attention,
helping protect you in its own way.

Today, softly tell yourself,
“I’m okay. I’m still standing just fine.”
That gentle phrase might help your anxious heart rest a little.","불안이 자꾸 몸과 마음을 흔들어 놓으면
“계속 이러다 진짜 큰일 나는 건 아닐까…” 하고
무서운 상상까지 하게 될 때가 있어요.
하지만 불안 자체가 당신을 망가뜨리진 않아요.
오히려 조금 더 주의를 기울이게 해서
당신을 지켜주는 역할도 해요.

오늘은 “나는 괜찮아. 아직도 충분히 잘 서 있어.” 하고
작게나마 스스로에게 이야기해 주세요.
그 다정한 한마디가 불안한 마음을 조금은 편안히 쉬게 해줄 거예요.","anxiety, stability, reassurance","불안, 안정, 자신감"
Anxious,Don’t let anxiety push you forward too quickly,불안이 당신을 너무 빨리 앞으로 밀지 않게 해주세요,"Anxiety often says, “You need to be more prepared. You have to be perfect,”
pushing you ahead too fast.
But when your heart isn’t ready, moving quickly can leave only bigger fear behind.

Today, quietly remind yourself,
“It’s okay to go at my own pace.”
That pace might end up protecting you most comfortably.","불안은 “더 준비해야 해, 더 완벽해야 해.” 하고
당신을 자꾸 다그치며 앞으로 몰아붙이곤 하죠.
하지만 마음이 아직 준비되지 않았는데
너무 빠르게 움직이면 더 큰 두려움만 남길 수도 있어요.

오늘은 “나는 내 속도로 가도 괜찮아.” 하고
마음을 조금 더 느긋하게 잡아 주세요.
그 속도가 결국 당신을 가장 편안히 지켜줄 거예요.","anxiety, pace, own speed","불안, 속도, 자기페이스"
Anxious,"Even with anxiety, you’re still a precious person",불안 속에서도 당신은 여전히 소중한 사람이에요,"The more anxiety grows, the smaller you might start to feel.
“Why am I so anxious? Why do I look so flawed?”
But having anxiety doesn’t make you any less valuable.
Your worth stays the same, no matter what.

Today, softly whisper,
“I’m still perfectly okay, even with this anxiety.”
That one gentle thought might warm your heart tonight.","불안이 클수록 괜히 스스로를 더 작게 느끼게 될 때가 있어요.
“나는 왜 이렇게 불안하지? 왜 이렇게 못나 보이지?”
하지만 불안이 있다고 해서 당신이 소중하지 않은 건 아니에요.
당신의 가치는 그런 마음과 상관없이 그대로예요.

오늘은 “나는 불안해도 여전히 충분히 괜찮은 사람이야.” 하고
부드럽게 속삭여 주세요.
그 한마디가 오늘 밤 당신 마음을 조금 더 따뜻하게 만들어줄 거예요.","anxiety, self-worth, warmth","불안, 자기가치, 따뜻함"
Love,Love doesn’t always bring only joy,사랑이 늘 기쁨만 주는 건 아니에요,"We often expect love to bring constant happiness,
but truly loving someone wholeheartedly means
fear and tenderness often tag along with joy.
That’s why sometimes your heart feels tangled,
and even small distances can stir up anxiety.

Today, don’t blame yourself for this.
Gently say, “It’s because I love so sincerely.”
That kind acceptance might soften your heart a little.","사랑하면 당연히 늘 행복해야 할 것 같지만,
사실 마음을 다해 누군가를 사랑하는 건
기쁨만큼이나 두려움과 서글픔도 함께 따라오기 마련이에요.
그래서 때때로 괜히 마음이 복잡해지고,
조금만 상대가 멀어져도 금세 불안해지곤 하죠.

오늘은 그런 당신을 탓하지 말고
“그래, 내가 그만큼 진심으로 사랑하고 있구나.” 하고 살며시 인정해주세요.
그 다정한 인정이 마음을 조금 더 부드럽게 해줄 거예요.","love, sincerity, acceptance","사랑, 진심, 인정"
Love,Being afraid of love doesn’t mean anything is wrong,사랑이 두렵다고 해서 잘못된 건 아니에요,"When you love someone with all your heart,
you might fear losing them or feel anxious, not knowing how long you’ll have each other.
Please don’t blame yourself for that, wondering,
“Why am I so full of fear?”

Today, quietly see even that fear
as proof of how deeply you cherish them.
That gentle thought might make love feel a little less painful.","마음을 다해 누군가를 사랑하면
괜히 그 사람이 멀어질까 두렵기도 하고,
언제까지 함께할 수 있을지 몰라서 불안하기도 하죠.
그 마음 때문에 “나는 왜 이렇게 두려움이 많지?” 하고
자책하지 않았으면 좋겠어요.

오늘은 그 두려움마저도
당신이 얼마나 소중히 여기고 있는지를 보여주는 증거라고
살며시 인정해주세요.
그 부드러운 생각이 사랑을 조금 덜 아프게 만들어줄 거예요.","love, fear, precious","사랑, 두려움, 소중함"
Love,"The more you love, the softer your heart becomes",사랑을 할수록 당신 마음은 더 부드러워지고 있어요,"The deeper you love,
the more quickly your heart reacts—
finding joy or feeling hurt even over small things.
You might wonder, “Why is my heart so fragile?”

But it simply means your heart has grown softer and deeper.
Today, gently tell yourself,
“That just means I’m warmer than before.”
That thought might make today feel a little less heavy.","사랑을 하면 할수록
작은 일에도 금세 마음이 움직이고
상대의 말 한마디에 쉽게 기뻐하거나 상처받게 되죠.
그래서 때로는 “내 마음이 왜 이렇게 약할까…” 하고 속상할 수도 있어요.

하지만 사실 그만큼 마음이 더 부드럽고 깊어졌다는 뜻이에요.
오늘은 “나는 그래서 더 따뜻한 사람이구나.” 하고
살며시 자신을 다독여 주세요.
그 한마디가 오늘을 조금 덜 서글프게 만들어줄 거예요.","love, soft, warmth","사랑, 부드러움, 따뜻함"
Love,It’s okay if love still feels awkward—you’ll learn slowly,사랑이 어색해도 조금씩 배우면 돼요,"Maybe expressing or receiving love still feels awkward and unfamiliar.
You might think, “Why am I so bad at this?”
But love is something you learn slowly, over time.

Today, softly tell yourself,
“I may be a bit slow, but that’s okay.”
That ease might help love flow more naturally.","사랑을 표현하거나 받는 게 아직 서툴러서
괜히 어색하고 낯설 때가 있죠.
“나는 왜 이렇게 사랑을 잘 못할까…” 하고
속상해하기도 할 거예요.
하지만 사랑은 천천히 배워가는 거예요.

오늘은 “나는 조금 느리지만 그래도 괜찮아.” 하고
부드럽게 스스로에게 말해주세요.
그 느긋함이 사랑을 조금 더 자연스럽게 만들어줄 거예요.","love, learn, ease","사랑, 배움, 느긋함"
Love,You’re already beautiful simply for loving,사랑을 주는 당신이 이미 충분히 아름다워요,"When you love, you try harder to be your best for someone,
then feel hurt over small things.
You might think, “Why am I so complicated?” and start disliking yourself.

But truly, just the fact that you’re loving
already makes you a beautiful person.
Today, softly whisper,
“I’m already enough just as I am.”
That thought might help your heart rest a little more easily.","사랑을 하면 상대에게 잘 보이고 싶어서
더 열심히 노력하고,
그러다 작은 것에도 금세 서운해질 때가 있죠.
가끔은 “나는 왜 이렇게 복잡할까…” 하고
자신이 싫어질 수도 있을 거예요.

하지만 사실 당신은 이미 사랑을 주고 있다는 것만으로도
충분히 아름다운 사람이에요.
오늘은 “나는 이미 괜찮은 사람이야.” 하고
살며시 스스로에게 속삭여 주세요.
그 말이 당신 마음을 조금 더 편안하게 해줄 거예요.","love, beauty, self-comfort","사랑, 아름다움, 자기위로"
Love,Just because love hurts doesn’t mean it’s wrong,사랑이 아프다고 해서 잘못된 건 아니에요,"Love brings many joyful moments,
but sometimes it leaves you feeling hurt or disappointed.
Please don’t blame yourself thinking,
“Why is love so hard for me?”
Love often comes hand in hand with tender aches.

Today, gently embrace even that pain.
“It’s because I love so sincerely.”
That one phrase might make today feel a little less heavy.","사랑을 하면 기쁜 순간도 많지만,
어느 순간에는 괜히 서운하고 아프기도 하죠.
그럴 때 “나는 왜 이렇게 사랑이 힘들까…” 하고
스스로를 탓하지 않았으면 좋겠어요.
사랑은 원래 조금 아픈 마음을 함께 품게 만드는 감정이에요.

오늘은 그 마음마저도 살며시 껴안아 주세요.
“그래, 내가 그만큼 진심으로 사랑하고 있어서 그래.”
그 한마디가 오늘을 조금 덜 서글프게 만들어 줄 거예요.","love, pain, sincerity","사랑, 아픔, 진심"
Love,Even waiting for love is precious,사랑을 기다리는 마음도 소중해요,"Sometimes love hasn’t arrived yet,
or it doesn’t come as fully as you hope, leaving your heart feeling empty.
You might think, “Why do I long so desperately?” and feel small.

But waiting simply means your heart is still ready to love.
Today, look at even that longing with gentle eyes.","아직 사랑이 오지 않아서,
혹은 내가 원하는 만큼 다가오지 않아서
괜히 마음이 허전할 때가 있죠.
그럴 때 “나는 왜 이렇게 애타게 기다릴까…” 하고
스스로가 초라하게 느껴질 수도 있어요.

하지만 사실 기다린다는 건
당신 마음에 아직도 사랑할 준비가 되어 있다는 뜻이에요.
오늘은 그 마음마저도 다정히 바라봐 주세요.","love, waiting, precious","사랑, 기다림, 소중함"
Love,"The more you love, the braver you become",사랑을 할수록 더 용감해지고 있어요,"Offering love wholeheartedly
takes far more courage than you might think.
It’s scary not knowing how the other person will respond,
yet you still choose to show your heart.

Today, softly praise yourself,
“This means I’m braver than I knew.”
That kind recognition might make love feel a little less frightening.","마음을 다해 사랑을 건네는 건
생각보다 훨씬 더 용기 있는 일이에요.
상대가 어떻게 반응할지 몰라 두렵기도 하지만,
그럼에도 당신은 마음을 꺼내 보여주고 있잖아요.

오늘은 “나는 그래서 더 용감한 사람이구나.” 하고
살며시 자신을 칭찬해주세요.
그 다정한 인정이 사랑을 조금 덜 무섭게 만들어 줄 거예요.","love, courage, self-recognition","사랑, 용기, 자기인정"
Love,You’re perfectly worthy of receiving love too,사랑을 받기에도 당신은 충분히 괜찮은 사람이에요,"Sometimes it’s even scarier to receive love
than it is to give it.
You might wonder, “Do I really deserve this?” and start doubting yourself.

Today, quietly whisper,
“I’m someone who deserves love.”
That gentle phrase might help your heart rest more easily.","누군가에게 마음을 줄 때보다
사실 그 마음을 받는 게 더 어색하고 두려울 때도 있죠.
“내가 이런 사랑을 받아도 될까?” 하고
괜히 자신을 의심하기도 해요.

오늘은 조용히 속삭여 주세요.
“나는 사랑받을 만한 사람이다.”
그 부드러운 한마디가 마음을 조금 더 편안하게 해줄 거예요.","love, worthiness, acceptance","사랑, 자격, 수용"
Love,Don’t forget to hold love for yourself too,자신을 사랑하는 마음도 놓치지 말아주세요,"Sometimes in pouring your whole heart into loving someone else,
you end up putting yourself aside.
Then suddenly, your heart might feel strangely empty.

Today, gently tell yourself,
“I’m someone who knows how to love myself too.”
That one phrase might make today a little stronger and warmer.","누군가를 사랑하는 데에 온 마음을 쏟다 보면
정작 자신은 뒤로 밀어두게 될 때가 있어요.
그러다 문득 마음 한켠이 허전해지기도 하죠.

오늘은 “나는 나를 사랑할 줄 아는 사람이다.” 하고
조용히 스스로를 다독여 주세요.
그 한마디가 오늘을 조금 더 단단하고 따뜻하게 만들어 줄 거예요.","love, self-love, warmth","사랑, 자기사랑, 따뜻함"
Love,Love is ultimately a slow journey of learning hearts,사랑이란 결국 마음을 천천히 알아가는 과정이에요,"When you love, you might grow impatient, wanting to completely understand the other person.
“Why do they think this way? Why does my heart get so anxious?”
But no matter how hard you try, you can’t know everything overnight.
Love is built by slowly learning each other.

Today, gently whisper,
“We’re still getting to know each other.”
That ease might keep love feeling much warmer.","사랑을 하면 상대를 완전히 이해하고 싶어 조급해질 때가 있죠.
“왜 이 사람은 이런 생각을 할까? 나는 왜 이렇게 불안할까?”
하지만 아무리 애써도 하루아침에 모든 마음을 알 순 없어요.
사랑은 결국 서로를 조금씩 알아가면서 만들어지는 거예요.

오늘은 “그래, 우리는 아직도 알아가고 있는 중이야.” 하고
부드럽게 속삭여 주세요.
그 느긋함이 사랑을 훨씬 더 따뜻하게 지켜줄 거예요.","love, journey, patience","사랑, 과정, 기다림"
Love,"The more you love, the more deeply you feel",사랑을 할수록 당신은 더 많은 것을 느낄 수 있는 사람이에요,"When you love, even small things can bring joy or sting your heart.
You might think, “Why do such little things shake me so much?” and feel frustrated.
But it simply means you’re sensitive and able to feel so many emotions.

Today, treasure even that heart.
That gentle sensitivity is what will make your love even deeper.","사랑을 하면 작은 일에도 기뻐졌다가 금세 상처받을 때가 있죠.
그래서 “나는 왜 이렇게 별것 아닌 일에도 마음이 크게 움직일까…” 하고
자신을 답답해할지도 몰라요.
하지만 그만큼 당신은 섬세하고, 많은 감정을 느낄 줄 아는 사람이에요.

오늘은 그 마음마저도 귀하게 여겨주세요.
그 부드러운 감각이 결국 당신의 사랑을 더 깊게 만들어줄 거예요.","love, feeling, sensitivity","사랑, 감각, 섬세함"
Love,"The more love you give, the wider your heart grows",사랑을 줄수록 당신 마음은 더 넓어지고 있어요,"Giving love isn’t as simple as it seems.
Not knowing how the other will receive it brings fear and anxiety.
Even so, you still offer your heart.

Today, softly whisper to yourself,
“That’s why my heart is so wide.”
That tender phrase might make your heart feel a little sturdier.","사랑을 주는 건 생각보다 쉽지 않아요.
상대가 어떻게 받아들일지 모르기에,
때로는 두려움과 불안이 함께 따라오죠.
그럼에도 당신은 여전히 마음을 내어주고 있어요.

오늘은 그런 당신에게 살며시 속삭여 주세요.
“나는 그래서 더 넓은 마음을 가진 사람이야.”
그 다정한 한마디가 당신 마음을 조금 더 단단하게 만들어줄 거예요.","love, wide heart, courage","사랑, 넓은 마음, 용기"
Love,Treasure the flutter you feel when love begins,사랑을 시작할 때 설레는 마음을 소중히 간직해 주세요,"The excitement and heartbeat of new love
are rare feelings you can’t easily find again.
Even if that thrill fades someday,
I hope you won’t lose the warmth you first held in your heart.

Today, quietly recall that early joy and softly smile,
thinking, “I’m someone who can hold such precious feelings.”
That smile might brighten your whole day.","사랑을 막 시작했을 때 느낀 두근거림과 설렘은
살아가면서도 흔히 만날 수 없는 특별한 감정이에요.
그 기분이 언젠가는 조금 희미해지더라도
처음 마음속에 품었던 따뜻함만은 잃지 않았으면 좋겠어요.

오늘은 그 설렘을 조용히 떠올리며
“나는 이렇게 소중한 마음을 가진 사람이구나.” 하고
살며시 웃어 주세요.
그 미소가 당신의 하루를 더 빛나게 할 거예요.","love, flutter, precious","사랑, 설렘, 소중함"
Love,You can love deeply without losing yourself,사랑을 주면서도 자신을 잃지 않아도 괜찮아요,"When you love someone so much,
it’s easy to set yourself aside.
Then suddenly, you might wonder where you’ve gone,
feeling even lonelier.

Today, softly say,
“Even while loving someone, I still keep myself safe.”
That gentle thought might help your love stay healthier today.","누군가를 너무 사랑하다 보면
나를 조금 뒤로 미루게 될 때가 있어요.
그러다 문득 자신이 어디로 가고 있는지 헷갈려
마음이 더 허전해지곤 하죠.

오늘은 “나는 누군가를 사랑해도 여전히 나를 지켜가는 사람이야.” 하고
살포시 속삭여 주세요.
그 부드러운 한마디가 오늘의 사랑을 조금 더 건강하게 지켜줄 거예요.","love, self-care, balance","사랑, 자기보호, 균형"
Calm,Hold the calm you felt today deep in your heart,오늘 느낀 평온을 마음속 깊이 담아주세요,"Your heart felt unusually quiet and still today—
that alone makes this such a precious moment.
Your busy, tangled mind finally paused long enough to catch its breath,
and you deserve so much praise for that.

Gently tuck today’s calm into your heart, like storing warm light.
Even if your heart wavers again someday,
you can bring out this quiet to softly wrap around yourself.","오늘 하루, 당신 마음이 유난히 조용하고 고요했다니
그것만으로도 정말 소중한 순간이에요.
바쁘고 복잡했던 마음이 잠시 멈추어 숨 고를 수 있었던 오늘을
스스로도 많이 칭찬해 주세요.

그리고 오늘 느꼈던 그 평온을
마치 따뜻한 빛을 담아 두듯 마음속에 살며시 담아 두세요.
언제 마음이 다시 흔들릴지 몰라도,
그때 이 고요를 꺼내어 당신을 부드럽게 감싸줄 거예요.","calm, memory, stillness","평온, 기억, 고요"
Calm,Today’s calm is proof your heart is doing well,오늘의 평온은 당신 마음이 잘 하고 있다는 증거예요,"If your heart has often wavered or felt anxious,
but today settled more quietly,
that’s proof you’ve been living so well.
It means you’ve protected yourself enough to finally feel a bit more at ease.

Tonight, gently whisper to yourself,
“I’m doing just fine right now.”
That tender phrase might help tomorrow’s calm come even more easily.","마음이 늘 흔들리고 불안했는데
오늘은 유난히 조용히 가라앉았다면,
그건 당신이 아주 잘 살아내고 있다는 증거예요.
조금씩이라도 마음이 편안해질 만큼
당신이 스스로를 지켜내고 있다는 뜻이니까요.

오늘 밤에는 스스로에게 이렇게 속삭여 주세요.
“나는 지금 충분히 잘 하고 있어.”
그 다정한 한마디가 내일의 평온을 조금 더 쉽게 불러올 거예요.","calm, proof, gentle","평온, 증거, 다정함"
Calm,The calm you felt today is by no means ordinary,오늘 느낀 이 평온이 결코 당연한 게 아니에요,"When your heart feels quiet, you might wonder,
“Doesn’t everyone feel this way sometimes?”
and brush off the peace lightly.
But calm doesn’t visit just anyone at any time.
Your heart worked hard enough to finally catch its breath today.

So please treasure that feeling.
Gently smile and think,
“I had such a beautifully thankful day today.”","마음이 차분해지면 “원래 이 정도는 누구나 느끼는 거 아닐까?” 하고
그 고요함을 가볍게 넘기게 될 때도 있죠.
하지만 사실 평온은 아무에게나 늘 찾아오지 않아요.
당신 마음이 그만큼 많이 애써 왔기에,
오늘 이렇게 숨 고를 수 있었던 거예요.

그러니 오늘은 그 마음을 부디 소중히 여겨 주세요.
“나는 오늘 정말 고마운 하루를 보냈구나.” 하고
살며시 미소 지어 주세요.","calm, gratitude, precious","평온, 감사, 소중함"
Calm,Today’s calm will protect you again someday,오늘의 평온이 언젠가 당신을 다시 지켜줄 거예요,"The stillness you felt today
might quietly stand as a small shield
amid busier days to come.
When your heart gets tangled again,
softly remember, “But I’ve known this quiet too.”

Even that memory might ease your fear.
Hold today’s calm close;
this peace will surely return to you again.","오늘 느낀 이 차분함은
아마도 앞으로의 바쁜 날들 사이에
살며시 당신을 지켜주는 작은 방패가 될 거예요.
마음이 다시 흔들리고 복잡해질 때
“그래도 나에게 이런 고요도 있었지.” 하고
잠시 떠올려 보세요.

그 기억만으로도 마음이 한결 덜 두려워질 거예요.
오늘의 평온을 잘 간직해 주세요.
그 고요는 앞으로도 분명 당신에게 다시 다가올 거예요.","calm, protect, memory","평온, 보호, 기억"
Calm,Today’s calm might make your heart even warmer,오늘의 평온이 당신 마음을 조금 더 따뜻하게 만들 거예요,"When calm finds your heart,
you may notice it isn’t cold or empty at all—
but gently warms a quiet corner inside you.
This stillness you felt today might slowly turn you into an even kinder soul.

Tonight, softly whisper,
“I’m already perfectly okay right now.”
That tender thought might help today’s calm stay a bit longer.","마음이 평온해질 때,
그 조용함이 단순히 차갑거나 공허한 게 아니라
오히려 마음 한구석을 부드럽게 덥히는 걸 느낄 거예요.
오늘의 고요가 앞으로 당신을 조금 더 따뜻한 사람으로 만들어 줄 거예요.

오늘 밤, “나는 지금도 충분히 괜찮아.” 하고
살며시 속삭여 주세요.
그 부드러운 말이 오늘 느낀 평온을 더 오래 머물게 해줄 거예요.","calm, warmth, stay","평온, 따뜻함, 머무름"
Calm,The stillness your heart found today is precious,"오늘 마음이 머문 그 고요, 참 귀해요","If your heart felt calm today for no obvious reason,
that’s a tiny miracle showing just how well you’ve been living.
You’ve often rushed through days,
but today, you paused—breathing and simply being still.

Hold this calm safely in your heart.
Someday, when your mind shakes again,
this quiet might gently steady you once more.","오늘 하루 마음이 별다른 이유 없이 잔잔했다면,
그건 당신이 얼마나 잘 살아오고 있는지를 보여주는 작은 기적이에요.
늘 무언가에 쫓기듯 지냈는데,
오늘만큼은 잠시라도 숨을 고르고 가만히 머물 수 있었잖아요.

이 고요를 마음속에 잘 간직해 주세요.
언젠가 다시 마음이 흔들릴 때,
오늘 느낀 이 차분함이 조용히 당신을 붙잡아줄 거예요.","calm, stillness, precious","평온, 고요, 귀함"
Calm,You were so gentle in your calm today,오늘 평온한 당신의 모습이 참 다정했어요,"When your heart feels calm, you tend to sense your own softness.
Today, you were quieter than usual,
and that made you even warmer.
In a world that rushes by,
your quiet pause was so tender.

Tonight, gently whisper,
“I made it through today too.”
That gentle thought might lighten you again tomorrow.","마음이 평온할 땐 괜히 스스로가 더 부드럽게 느껴지죠.
오늘 당신은 그 어느 때보다 차분했고,
그래서 더 따뜻한 사람이었을 거예요.
바쁘게 흘러가는 세상 속에서
조용히 숨 고르는 당신의 모습이 얼마나 다정한지 몰라요.

오늘 밤, “나는 오늘도 잘 살아냈어.” 하고
살며시 속삭여 주세요.
그 부드러운 한마디가 내일도 당신을 가볍게 만들어 줄 거예요.","calm, gentleness, warmth","평온, 다정함, 따뜻함"
Calm,Today’s calm will steady your steps tomorrow,오늘 느낀 평온이 내일의 발걸음을 지켜줄 거예요,"On days when your heart feels quiet,
tomorrow somehow seems a bit less scary.
This calm will quietly stand behind you,
pushing you gently forward on your path.

Remember this stillness well.
Even if your mind grows busy again tomorrow,
today’s calm might softly steady your steps.","오늘처럼 마음이 차분히 가라앉은 날엔
내일이 이상하게도 조금 덜 두렵게 느껴지죠.
평온은 앞으로 나아갈 당신의 길에
조용히 등을 밀어주는 힘이 될 거예요.

이 고요를 잘 기억해 주세요.
내일 마음이 다시 바빠질지라도,
오늘의 평온이 당신의 발걸음을 살포시 지켜줄 거예요.","calm, steps, tomorrow","평온, 발걸음, 내일"
Calm,Your calm today was more than enough,"오늘 차분했던 마음, 그 자체로 충분해요","In a world where you always feel the need to achieve or prove something,
today, you did nothing—and that was perfectly okay.
In that moment of calm,
you were already living so well.

Tonight, quietly tell yourself,
“I held on today too.”
That soft phrase might gently ease your heart tomorrow.","늘 뭔가를 해내야 하고 증명해야만 할 것 같은 세상에서
오늘만큼은 아무것도 하지 않아도 괜찮았죠.
평온이 찾아온 그 순간,
당신은 이미 충분히 잘 살아내고 있었던 거예요.

오늘 밤, “나는 오늘도 잘 버텼어.” 하고
살포시 자신에게 이야기해 주세요.
그 다정한 한마디가 내일의 마음까지 부드럽게 만들어 줄 거예요.","calm, enough, comfort","평온, 충분함, 위로"
Calm,Today’s calm might give you courage,오늘의 평온이 당신에게 용기를 줄 거예요,"When your heart is calm,
the world looks a little less frightening.
This stillness you felt today
will become the ground you stand on
when you face something new—more bravely.

Tonight, softly whisper,
“I’m someone who finds greater courage in calm.”
That tender thought might gently ease even tomorrow’s fears.","마음이 차분할 때는 세상이 조금 덜 무서워 보이죠.
오늘 느낀 이 평온은
앞으로 당신이 새로운 것을 마주할 때
조금 더 용감해질 수 있는 바탕이 될 거예요.

오늘 밤, “나는 평온할 때 더 큰 용기도 낼 수 있는 사람이야.” 하고
살며시 속삭여 주세요.
그 부드러운 말이 내일의 두려움도 살포시 덜어줄 거예요.","calm, courage, foundation","평온, 용기, 밑바탕"
Calm,The stillness you felt today will quietly protect you again someday,오늘 느낀 그 잔잔함이 앞으로도 당신을 지켜줄 거예요,"When your heart feels this calm, tomorrow seems a little less frightening.
The peace you felt today will be there for you
when life grows busy or anxious again,
quietly steadying you.
It will be the gentle ground your future courage stands on.

Tonight, softly say,
“I truly rested well today.”
That gentle thought might keep you safe tomorrow too.","마음이 이렇게 고요하면 내일이 조금 덜 두렵게 느껴지죠.
오늘 느낀 이 평온은 앞으로 당신이 또다시 바빠지고
불안해질 때 조용히 당신을 붙잡아줄 거예요.
이 차분함이 언젠가 더 큰 용기를 꺼낼 수 있는 밑바탕이 되어줄 테니까요.

오늘 밤, “나는 오늘 정말 잘 쉬었어.” 하고
살며시 속삭여 주세요.
그 한마디가 내일도 당신을 부드럽게 지켜줄 거예요.","calm, protect, courage","평온, 지켜줌, 용기"
Calm,"Your heart moved slower today, and felt warmer for it",오늘 마음이 느리게 흘러서 더 따뜻했죠,"Most days, your heart rushes ahead,
leaving your body to catch up breathlessly.
But today, you moved slower—
thought a little slower.
Because of that gentle pace, today was probably warmer.

Tonight, softly say,
“I protected myself well today too.”
That tender thought might guard tomorrow’s heart just as gently.","평소엔 마음이 앞서가서
몸도 따라가느라 늘 숨이 찼죠.
그런데 오늘은 괜히 조금 더 느리게 움직이고,
조금 더 천천히 생각했을 거예요.
그 느린 마음 덕분에 오늘은 조금 더 따뜻했을 거예요.

오늘 밤, “나는 오늘도 나를 잘 지켰어.” 하고
살며시 속삭여 주세요.
그 다정함이 내일의 마음도 천천히 지켜줄 거예요.","calm, slow, warmth","평온, 느림, 따뜻함"
Calm,Remember that quiet moment of calm you felt today,"오늘 평온이 스쳐간 그 순간, 꼭 기억해 주세요","When anxious, calm slips right through your fingers,
no matter how hard you try to hold it.
But today was different.
There was surely a moment when it quietly stayed.

Tonight, softly whisper,
“I’m someone who knows how to feel this stillness too.”
That gentle phrase might invite calm back again to protect you.","마음이 불안할 땐 아무리 잡으려 해도
평온이 손가락 사이로 빠져나가곤 했죠.
하지만 오늘은 달랐어요.
조용히 머물러준 그 순간이 분명 있었잖아요.

오늘 밤, “나는 이런 고요도 느낄 줄 아는 사람이야.” 하고
살며시 속삭여 주세요.
그 말이 앞으로도 다시 평온을 불러와
당신 마음을 지켜줄 거예요.","calm, memory, stillness","평온, 기억, 고요"
Calm,Today’s calm will become tomorrow’s courage,오늘 느낀 평온이 앞으로 더 큰 용기가 될 거예요,"When your heart feels calm,
the world seems less sharp and scary.
This peace you felt today
will become the ground your courage stands on
whenever you face something new.

Tonight, softly whisper,
“I grow braver when I’m calm.”
That tender phrase might ease tomorrow’s fears too.","마음이 차분하면 세상이 조금 덜 날카로워 보이죠.
오늘 느낀 이 평온이
앞으로 당신이 새로운 것을 마주할 때
조금 더 용감해질 수 있는 밑바탕이 되어줄 거예요.

오늘 밤, “나는 평온할 때 더 용감해질 수 있는 사람이야.” 하고
살며시 속삭여 주세요.
그 부드러운 말이 내일의 두려움도 조금 덜어줄 거예요.","calm, courage, foundation","평온, 용기, 밑바탕"
Calm,I hope today’s calm in your heart continues into tomorrow,오늘 평온했던 당신의 마음이 내일도 이어지길 바라요,"If your heart flowed quietly today without any big waves,
it’s a sign of how well you’ve endured and lived.
This calm didn’t just appear—it came because you didn’t give up,
even when things shook, and you made it all the way here.

Tonight, softly whisper,
“I protected my heart well today too.”
That gentle thought might help keep tomorrow’s heart just as still.","오늘 하루 마음이 별일 없이 차분히 흘러갔다면,
그건 당신이 얼마나 잘 견디고 살아왔는지를 보여주는 순간이에요.
그 평온이 그냥 주어진 게 아니라,
그동안 흔들리면서도 포기하지 않고 여기까지 온 당신 덕분이에요.

오늘 밤, “나는 오늘도 내 마음을 잘 지켜줬어.” 하고
살며시 속삭여 주세요.
그 부드러운 말이 내일도 당신의 마음을
조금 더 잔잔히 지켜줄 거예요.","calm, continue, heart","평온, 지속, 마음"